time,open,high,low,close,EMA,Smoothing Line,Long,Short,Shapes,Shapes,PP SuperTrend,Plot,Buy,Sell,Plot,Plot,Plot,Up Trend,Down Trend,Volume,Volume MA,Plot,Plot,Plot,Plot
1646836200,223.87,232.2,222.47,230.14,232.49519920009533,232.70310010238535,0,0,NaN,NaN,NaN,NaN,NaN,NaN,NaN,NaN,NaN,NaN,NaN,49274195,55657042.35,-0.6943240661612884,0.6989177136310983,-0.6989177136310983,-2.180569401924684
1646922600,225.31,227.88,218.82,226.58,232.4363414966118,232.6060344297248,0,0,NaN,NaN,NaN,NaN,NaN,NaN,NaN,NaN,NaN,NaN,NaN,42806565,55175962.3,-0.7456605375093386,0.7144082233239836,-0.7144082233239836,-3.600390694978588
1647009000,230.22,231.45,220.46,221,232.32254705385944,232.4932977687325,0,0,NaN,NaN,NaN,NaN,NaN,NaN,NaN,NaN,NaN,NaN,NaN,36720857,54446006.55,-0.8594161338488304,0.7347814828760373,-0.7347814828760373,-6.310408377303433
1647264600,218.69,222.62,211.5901,213.3,232.13326797869667,232.3812450546158,0,0,NaN,NaN,NaN,NaN,NaN,NaN,NaN,NaN,NaN,NaN,NaN,38535424,53345417.85,-1.0656045442977713,0.7624844337514751,-0.7624844337514751,-6.930666103157978
1647351000,215.18,230.38,213.2201,229.73,232.10935486448076,232.29934211874897,0,0,NaN,NaN,NaN,NaN,NaN,NaN,NaN,NaN,NaN,NaN,NaN,49199569,53603274.15,-0.4560227006367471,0.7601200141243006,-0.7601200141243006,-3.0810650508699595
1647437400,235,245.97,231.72,244.96,232.23722198025706,232.24774667478133,1,0,NaN,NaN,NaN,NaN,NaN,NaN,NaN,NaN,NaN,NaN,NaN,67142174,53451618.85,0.21299585541445215,0.748009231228624,-0.748009231228624,4.6968654975466775
1647523800,241.2,248.42,239.06,247.66,232.39068245806544,232.23861486707202,0,0,NaN,NaN,NaN,NaN,NaN,NaN,NaN,NaN,NaN,NaN,NaN,47194119,52147943.15,0.5676232278917531,0.7188575121825123,-0.7188575121825123,2.4396049734707264
1647610200,247.99,265.6899,246.24,264.53,232.7104766624628,232.31620078879274,0,0,NaN,NaN,NaN,NaN,NaN,NaN,NaN,NaN,NaN,NaN,NaN,73071856,51748560.55,1.3094195806063462,0.7407875228404156,-0.7407875228404156,8.288227513971263
1647869400,265.07,271.5199,259.67,267.34,233.0550490339806,232.5005569998495,0,0,NaN,NaN,NaN,NaN,NaN,NaN,NaN,NaN,NaN,NaN,NaN,59172708,50900921.4,1.6573365633252675,0.8095543544104445,-0.8095543544104445,7.008933106948876
1647955800,267.27,272.38,260.72,265.24,233.3752973022992,232.7537454874132,0,0,NaN,NaN,NaN,NaN,NaN,NaN,NaN,NaN,NaN,NaN,NaN,54700710,50468844.7,1.7684362251512613,0.8826994598170956,-0.8826994598170956,4.726011750422732
1648042200,261.26,266.115,255.7501,256.34,233.60380180675395,233.0270614527126,0,0,NaN,NaN,NaN,NaN,NaN,NaN,NaN,NaN,NaN,NaN,NaN,50211986,50146890.15,1.5332226243694933,0.9250828375811658,-0.9250828375811658,1.9783336310042328
1648128600,261.66,283.1999,259.07,281.5,234.0803808932539,233.36500113975026,0,0,NaN,NaN,NaN,NaN,NaN,NaN,NaN,NaN,NaN,NaN,NaN,87737914,50854782.7,2.1039100864666933,1.0083230610643683,-1.0083230610643683,9.776397915245216
1648215000,278.86,283.58,272.71,276.92,234.5066457599877,233.72423495925523,0,0,NaN,NaN,NaN,NaN,NaN,NaN,NaN,NaN,NaN,NaN,NaN,57901618,51105536.05,1.8951013552878344,1.077194295916622,-1.077194295916622,6.042367364733705
1648474200,277.555,282.5,272.06,282.19,234.9811069962067,234.10944655170047,0,0,NaN,NaN,NaN,NaN,NaN,NaN,NaN,NaN,NaN,NaN,NaN,42549392,50846412.6,1.8637387244052943,1.1363186082043324,-1.1363186082043324,-0.31543196077726915
1648560600,286.945,289.46,279.8,286.56,235.49432981216484,234.53325305367358,0,0,NaN,NaN,NaN,NaN,NaN,NaN,NaN,NaN,NaN,NaN,NaN,48898440,51231054.7,1.7888567035575553,1.182948042982066,-1.182948042982066,-2.29709375260276
1648647000,283.04,284.955,275.03,276.9,235.90632653045176,234.99375799841314,0,0,NaN,NaN,NaN,NaN,NaN,NaN,NaN,NaN,NaN,NaN,NaN,46348713,51600281.1,1.3173726739577898,1.1877974367855797,-1.1877974367855797,-4.052657639026204
1648733400,277.82,282.48,272.7,272.86,236.27402477392985,235.4324867745483,0,0,NaN,NaN,NaN,NaN,NaN,NaN,NaN,NaN,NaN,NaN,NaN,52344022,52392007,0.9374175377997668,1.1885841622067561,-1.1885841622067561,-3.0414976891319134
1648819800,273.75,274.96,262.67,267.12,236.5809499005574,235.84734760266224,0,0,NaN,NaN,NaN,NaN,NaN,NaN,NaN,NaN,NaN,NaN,NaN,51723511,52818129.05,0.491483562468562,1.1825947701237645,-1.1825947701237645,-2.4866136148531317
1649079000,267.28,275.58,266.13,273.6,236.9492986577658,236.24098593497405,0,0,NaN,NaN,NaN,NaN,NaN,NaN,NaN,NaN,NaN,NaN,NaN,39770782,52552563.7,0.3965197376986746,1.1791715482878269,-1.1791715482878269,-5.699718789655184
1649165400,272.54,273.19,258.2,259.31,237.17179319848455,236.57647861223805,0,0,NaN,NaN,NaN,NaN,NaN,NaN,NaN,NaN,NaN,NaN,NaN,43661473,51948301.4,-0.23277351202478813,1.1706760246201298,-1.1706760246201298,-6.027624601789848
1649251800,249.34,253,240.03,244.07,237.24043207213148,236.84329972057395,0,1,NaN,NaN,NaN,NaN,NaN,NaN,NaN,NaN,NaN,NaN,NaN,70383256,53003754.45,-0.951410998036818,1.183541811650035,-1.183541811650035,2.2685263663748483
1649338200,244.41,247.22,234.78,242.08,237.2885869768864,237.04621216116524,0,0,NaN,NaN,NaN,NaN,NaN,NaN,NaN,NaN,NaN,NaN,NaN,55799236,53653388,-1.2687717977212374,1.2079825649506353,-1.2079825649506353,2.2430247730572725
1649424600,239.17,239.23,230.6201,231.19,237.22790451940494,237.17560308493475,0,0,NaN,NaN,NaN,NaN,NaN,NaN,NaN,NaN,NaN,NaN,NaN,52478064,54441248.35,-1.8100536523293518,1.2564152243775693,-1.2564152243775693,1.1707899856122523
1649683800,222.14,223.1994,216.6,219.17,237.0482238774208,237.19538812886577,0,0,NaN,NaN,NaN,NaN,NaN,NaN,NaN,NaN,NaN,NaN,NaN,57520684,55390511.35,-2.3809278356979475,1.3256954000270262,-1.3256954000270262,1.913428557311929
1649770200,225.37,227.25,212.8204,215.04,236.82923657515792,237.1268768042004,0,0,NaN,NaN,NaN,NaN,NaN,NaN,NaN,NaN,NaN,NaN,NaN,66225807,56241823.25,-2.6404041076521505,1.4087950086248817,-1.4087950086248817,4.465329109486665
1649856600,217.28,225,214.55,222.03,236.68198048983297,237.01518648774072,0,0,NaN,NaN,NaN,NaN,NaN,NaN,NaN,NaN,NaN,NaN,NaN,51694344,55469431.75,-2.4038848789544374,1.482081792757398,-1.482081792757398,1.7474173235323287
1649943000,225.05,227.77,211.63,212.58,236.4421597884416,236.84590105005176,0,0,NaN,NaN,NaN,NaN,NaN,NaN,NaN,NaN,NaN,NaN,NaN,56909685,55955210.05,-2.591699138830454,1.5630106307967373,-1.5630106307967373,1.5380942620981994
1650288600,212,220.88,210.79,217.83,236.2569641686561,236.65171297990202,0,0,NaN,NaN,NaN,NaN,NaN,NaN,NaN,NaN,NaN,NaN,NaN,52570061,54930120.3,-2.2122300537423985,1.6153070484480871,-1.6153070484480871,0.15769044447554142
1650375000,217.2,223.73,213.14,221.98,236.11490482369436,236.46504916915669,0,0,NaN,NaN,NaN,NaN,NaN,NaN,NaN,NaN,NaN,NaN,NaN,51278058,54535387.8,-1.7619019306343386,1.6395024475431164,-1.6395024475431164,-0.9810059035667099
1650461400,225.171,226.7037,212,214.82,235.9030152234586,236.27980489881685,0,0,NaN,NaN,NaN,NaN,NaN,NaN,NaN,NaN,NaN,NaN,NaN,46897444,54145224.5,-1.6539712503007291,1.6700523474528821,-1.6700523474528821,-2.8338305362792906
1650547800,217.0915,223.92,200,201.83,235.56398024611076,236.0562048500724,0,0,NaN,NaN,NaN,NaN,NaN,NaN,NaN,NaN,NaN,NaN,NaN,65620944,54915672.4,-1.8445050378202934,1.709780134180331,-1.709780134180331,1.6145856063039365
1650634200,203.03,204.86,195,195.15,235.16185108943304,235.8001431102707,0,0,NaN,NaN,NaN,NaN,NaN,NaN,NaN,NaN,NaN,NaN,NaN,62471343,53652343.85,-1.921999739532911,1.7487777394610795,-1.7487777394610795,2.9491139992016064
1650893400,192.02,199.45,190.96,199.02,234.80223068058297,235.50919641265608,0,0,NaN,NaN,NaN,NaN,NaN,NaN,NaN,NaN,NaN,NaN,NaN,64156561,53965091,-1.649752011980361,1.7602578403611562,-1.7602578403611562,3.8758007741385074
1650979800,197.18,197.88,186.7,187.88,234.33534281311447,235.15328401054006,0,0,NaN,NaN,NaN,NaN,NaN,NaN,NaN,NaN,NaN,NaN,NaN,65314250,55103333.9,-1.969583231308821,1.7730785119079315,-1.7730785119079315,4.386265051082779
1651066200,185.98,191.67,182.9,184.15,233.83598616820785,234.73987819948994,0,0,NaN,NaN,NaN,NaN,NaN,NaN,NaN,NaN,NaN,NaN,NaN,49946017,55155712.75,-2.066913437852688,1.785944564782344,-1.785944564782344,0.5383718498570035
1651152600,189.67,200.37,184.8957,197.82,233.47761814663366,234.3226057795945,0,0,NaN,NaN,NaN,NaN,NaN,NaN,NaN,NaN,NaN,NaN,NaN,57032671,55689910.65,-1.458806364785139,1.7834494005263961,-1.7834494005263961,0.19904216827147392
1651239000,194.02,201.2848,185.17,185.47,232.99993040388108,233.89022164248408,0,0,NaN,NaN,NaN,NaN,NaN,NaN,NaN,NaN,NaN,NaN,NaN,50043491,55574884.1,-1.7601962440168308,1.7684925475835482,-1.7684925475835482,-1.8839309922533047
1651498200,185.405,195.74,183.91,195.33,232.62510522573302,233.4547965515141,0,0,NaN,NaN,NaN,NaN,NaN,NaN,NaN,NaN,NaN,NaN,NaN,57204868,55848951.95,-1.21087457044023,1.7442930413206232,-1.7442930413206232,-0.9735545225441125
1651584600,194,198.25,191.33,196.02,232.26087532298942,233.03990305348913,0,0,NaN,NaN,NaN,NaN,NaN,NaN,NaN,NaN,NaN,NaN,NaN,47575084,56239167.05,-0.9209325649867792,1.7139259039572745,-1.7139259039572745,-3.098100331331866
1651671000,199.23,204,187.51,203.34,231.97310541927808,232.66732690370313,0,0,NaN,NaN,NaN,NaN,NaN,NaN,NaN,NaN,NaN,NaN,NaN,64885463,57300366.55,-0.3675617125779485,1.6777800024208709,-1.6777800024208709,0.7118660902925346
1651757400,198.67,199.25,185,188.44,231.53994019122555,232.2797913126215,0,0,NaN,NaN,NaN,NaN,NaN,NaN,NaN,NaN,NaN,NaN,NaN,62633141,56912860.8,-0.6868683215383224,1.6626480173762168,-1.6626480173762168,2.0493147380952648
1651843800,187.36,195.12,179.9,186.75,231.0942691445467,231.89865906075465,0,0,NaN,NaN,NaN,NaN,NaN,NaN,NaN,NaN,NaN,NaN,NaN,63329672,57289382.6,-0.6312574658442678,1.6568608280738146,-1.6568608280738146,2.7953166940124468
1652103000,180.34,182.55,168.27,169.5,230.48139084460095,231.46991618452822,0,0,NaN,NaN,NaN,NaN,NaN,NaN,NaN,NaN,NaN,NaN,NaN,64445451,57887751.95,-1.364548201373979,1.6763070219006104,-1.6763070219006104,3.282038190761021
1652189400,176.89,181.98,170.25,175.95,229.93878994067458,231.00549910806527,0,0,NaN,NaN,NaN,NaN,NaN,NaN,NaN,NaN,NaN,NaN,NaN,76147429,58819089.2,-1.1984617265802928,1.6914989021518816,-1.6914989021518816,6.040808611551772
1652275800,173.47,177.53,165.68,166.3,229.3055681502201,230.47199165425369,0,0,NaN,NaN,NaN,NaN,NaN,NaN,NaN,NaN,NaN,NaN,NaN,67016703,58858634,-1.7032416288846017,1.7248311446398534,-1.7248311446398534,4.997600454162948
1652362200,162.191,167.88,155.67,161.75,228.63337344225772,229.8906783044601,0,0,NaN,NaN,NaN,NaN,NaN,NaN,NaN,NaN,NaN,NaN,NaN,70872837,59817558.65,-2.020741945387615,1.7612981242328531,-1.7612981242328531,4.9809857627699605
1652448600,167.88,179.2843,165.925,177.06,228.1202055473099,229.29586558501273,0,0,NaN,NaN,NaN,NaN,NaN,NaN,NaN,NaN,NaN,NaN,NaN,67043651,60324256.95,-1.4031960176253007,1.7653719636364558,-1.7653719636364558,3.808325091710266
1652707800,175.09,177.88,171.06,172.64,227.56816370106802,228.71322015630616,0,0,NaN,NaN,NaN,NaN,NaN,NaN,NaN,NaN,NaN,NaN,NaN,52144598,60302983.8,-1.4361573862185124,1.7515673902367568,-1.7515673902367568,-0.5241600550118027
1652794200,180.74,183.71,176.34,181.77,227.11246057966434,228.14795428410417,0,0,NaN,NaN,NaN,NaN,NaN,NaN,NaN,NaN,NaN,NaN,NaN,58582971,60668229.45,-0.843229530460839,1.694012122102554,-1.694012122102554,-1.4000566639055314
1652880600,177.05,181.18,168.64,169.38,226.53800823558808,227.59444230117774,0,0,NaN,NaN,NaN,NaN,NaN,NaN,NaN,NaN,NaN,NaN,NaN,54516106,61049162.55,-1.1000941195914,1.6245664032721245,-1.6245664032721245,-2.8448819424987857
1652967000,169.37,176.87,167.3405,171.24,225.98777929792053,227.06532347231033,0,0,NaN,NaN,NaN,NaN,NaN,NaN,NaN,NaN,NaN,NaN,NaN,62130959,60874663.3,-0.815167841113597,1.560336323539681,-1.560336323539681,-1.5363676268321729
1653053400,173.32,174.1,157.55,166.94,225.4002392054039,226.52133020392912,0,0,NaN,NaN,NaN,NaN,NaN,NaN,NaN,NaN,NaN,NaN,NaN,73910526,61446622.45,-0.8235338757291538,1.4809124171562904,-1.4809124171562904,2.109765714278974
1653312600,162.74,169.15,161.7901,168.98,224.83884379042476,225.97546622180047,0,0,NaN,NaN,NaN,NaN,NaN,NaN,NaN,NaN,NaN,NaN,NaN,63988869,61438237.85,-0.6119594783936122,1.4185636718132444,-1.4185636718132444,1.5626291154269278
1653399000,165.1,165.97,157.8,161.54,224.20900454872898,225.39477501561342,0,0,NaN,NaN,NaN,NaN,NaN,NaN,NaN,NaN,NaN,NaN,NaN,58855002,61115275.45,-0.8714576026399413,1.3851095583343982,-1.3851095583343982,-0.05508507834440929
1653485400,160.2,171.1099,160,169.75,223.66712390645307,224.82059814978638,0,0,NaN,NaN,NaN,NaN,NaN,NaN,NaN,NaN,NaN,NaN,NaN,78113190,62523634.1,-0.4844267768481876,1.3485141544683756,-1.3485141544683756,3.554889022040871
1653571800,160.36,180.92,160.22,178.51,223.21779929046846,224.266602148296,0,0,NaN,NaN,NaN,NaN,NaN,NaN,NaN,NaN,NaN,NaN,NaN,99657452,64654873.15,-0.01670882533051471,1.2970788868891274,-1.2970788868891274,9.401987005304544
1653658200,181.86,188.81,181,188.11,222.8684679542449,223.76024789806416,0,0,NaN,NaN,NaN,NaN,NaN,NaN,NaN,NaN,NaN,NaN,NaN,73837935,65844595.35,0.5442263897754016,1.2435825720056037,-1.2435825720056037,6.693029985250555
1654003800,189.8,192,183.5,186.72,222.50878170594396,223.29423548116802,0,0,NaN,NaN,NaN,NaN,NaN,NaN,NaN,NaN,NaN,NaN,NaN,66409951,66304849.5,0.7104820005399382,1.2074028873074605,-1.2074028873074605,3.323312140250767
1654090200,187.24,190.5318,181.22,183.2,222.1176495496659,222.87596448135537,0,0,NaN,NaN,NaN,NaN,NaN,NaN,NaN,NaN,NaN,NaN,NaN,54451390,66648664.8,0.728648210627102,1.1506035532146939,-1.1506035532146939,-1.378419133168731
1654176600,182.92,196.19,181.98,195.92,221.8569764198185,222.51393498402848,1,0,NaN,NaN,NaN,NaN,NaN,NaN,NaN,NaN,NaN,NaN,NaN,64865580,66647670.65,1.3148517172742324,1.105511959150148,-1.105511959150148,-1.6334332377405
1654263000,190.815,193.323,185.2156,187.2,221.5121308833029,222.17280130259536,0,0,NaN,NaN,NaN,NaN,NaN,NaN,NaN,NaN,NaN,NaN,NaN,59877870,66509907.1,1.0542078402670463,1.0869619212491823,-1.0869619212491823,-2.8457577697655765
1654522200,191.39,193.37,185.642,187.86,221.17728380983718,221.8345644737138,0,0,NaN,NaN,NaN,NaN,NaN,NaN,NaN,NaN,NaN,NaN,NaN,42240615,65455454.25,1.0302682207307632,1.0488148977839629,-1.0488148977839629,-7.877525602422828
1654608600,184.72,190,181.88,189.26,220.85969889630647,221.50474791178635,0,0,NaN,NaN,NaN,NaN,NaN,NaN,NaN,NaN,NaN,NaN,NaN,38891411,64177752.25,0.976094303033936,1.0389775764359133,-1.0389775764359133,-11.640929613086488
1654695000,187.99,191.8,185.35,186.48,220.51761234012432,221.18474046987802,0,0,NaN,NaN,NaN,NaN,NaN,NaN,NaN,NaN,NaN,NaN,NaN,36325246,62186643.1,0.714283412159443,1.0324523061536377,-1.0324523061536377,-14.314230979396553
1654781400,184.81,189.33,180.41,180.48,220.119228137735,220.83719081346135,0,0,NaN,NaN,NaN,NaN,NaN,NaN,NaN,NaN,NaN,NaN,NaN,39557379,60813676.9,0.2657783008500687,1.0312028045869277,-1.0312028045869277,-14.217713720300166
1654867800,176,176.97,168.69,169.74,219.61794228561823,220.45835309392442,0,0,NaN,NaN,NaN,NaN,NaN,NaN,NaN,NaN,NaN,NaN,NaN,46564966,59598283.35,-0.4622736116831137,1.0261849619951426,-1.0261849619951426,-11.01344211794765
1655127000,160,163.12,156.06,156.47,218.98960455143296,220.02081724224354,0,1,NaN,NaN,NaN,NaN,NaN,NaN,NaN,NaN,NaN,NaN,NaN,60415338,59266867.7,-1.41949320748923,1.0572202113760072,-1.0572202113760072,-4.1471546780364354
1655213400,157.31,160.66,154.12,158.36,218.38632490415503,219.52614244381328,0,0,NaN,NaN,NaN,NaN,NaN,NaN,NaN,NaN,NaN,NaN,NaN,46967952,59008035.4,-1.6715397759132355,1.0747077335189388,-1.0747077335189388,-4.347972187501335
1655299800,160.95,168.68,159.26,165.27,217.85780425834255,218.99418082745692,0,0,NaN,NaN,NaN,NaN,NaN,NaN,NaN,NaN,NaN,NaN,NaN,56393565,58898565.1,-1.5504810727295544,1.0925675971572673,-1.0925675971572673,-1.3387078918670172
1655386200,158.6,159.4232,154.01,156.01,217.2424032209461,218.41881584409913,0,0,NaN,NaN,NaN,NaN,NaN,NaN,NaN,NaN,NaN,NaN,NaN,54574867,58901503.15,-2.0262296644102205,1.1143998109389754,-1.1143998109389754,-0.1859026987478117
1655472600,156.48,159.95,153.28,158.8,216.66088677098645,217.82740474117276,0,0,NaN,NaN,NaN,NaN,NaN,NaN,NaN,NaN,NaN,NaN,NaN,63033397,58946625.05,-1.8702075914314173,1.103837884668204,-1.103837884668204,2.784476712240444
1655818200,164.745,170.08,164.07,165.66,216.1534152608274,217.26016688305162,0,0,NaN,NaN,NaN,NaN,NaN,NaN,NaN,NaN,NaN,NaN,NaN,48308888,57666543.15,-1.3910659481227883,1.1032235910977723,-1.1032235910977723,0.14087914655279876
1655904600,162.26,166.62,161.8,163.6,215.6304957059933,216.7090010434193,0,0,NaN,NaN,NaN,NaN,NaN,NaN,NaN,NaN,NaN,NaN,NaN,43799744,56657086.9,-1.1980419066232333,1.091793271107714,-1.091793271107714,-2.7101699166952766
1655991000,165.185,165.85,158.53,162.25,215.0993464949884,216.15730949074845,0,0,NaN,NaN,NaN,NaN,NaN,NaN,NaN,NaN,NaN,NaN,NaN,46367959,56032734.75,-0.9658559729982267,1.095849540592817,-1.095849540592817,-3.413085814256779
1656077400,165,171.4,163.1,171.26,214.66313409205318,215.6414556649699,0,0,NaN,NaN,NaN,NaN,NaN,NaN,NaN,NaN,NaN,NaN,NaN,47215283,54487839.4,-0.28008861542775515,1.0749957758236983,-1.0749957758236983,-3.3499051474940478
1656336600,173.12,173.3,166.255,168.69,214.20568997173424,215.15041630511942,0,0,NaN,NaN,NaN,NaN,NaN,NaN,NaN,NaN,NaN,NaN,NaN,42796788,51644806.2,-0.08636411287215968,1.0627014275284712,-1.0627014275284712,-4.546553216098625
1656423000,169,172.0199,159.45,159.82,213.6645388277369,214.65264101850136,0,0,NaN,NaN,NaN,NaN,NaN,NaN,NaN,NaN,NaN,NaN,NaN,46185936,50262206.25,-0.3033243143412919,1.0516112532104898,-1.0516112532104898,-3.8569581245676057
1656509400,158.14,158.2,151.7,155.42,213.08499117770967,214.1435401128446,0,0,NaN,NaN,NaN,NaN,NaN,NaN,NaN,NaN,NaN,NaN,NaN,48235228,49353470.1,-0.4685233756351642,1.0486596291894563,-1.0486596291894563,-2.5802644664846843
1656595800,153.61,155.67,148.62,151.59,212.47310071822997,213.6182909574929,0,0,NaN,NaN,NaN,NaN,NaN,NaN,NaN,NaN,NaN,NaN,NaN,68607003,50061250.75,-0.7074043460903571,1.043707966875079,-1.043707966875079,4.336373243680525
1656682200,148.99,150.6291,143.92,145.23,211.8040151389441,213.0464671668711,0,0,NaN,NaN,NaN,NaN,NaN,NaN,NaN,NaN,NaN,NaN,NaN,57761008,49706022.15,-1.1521110539865087,1.064440671555783,-1.064440671555783,4.492004680991642
1657027800,141.75,149.71,140.55,149.64,211.18546772462625,212.44242271744952,0,0,NaN,NaN,NaN,NaN,NaN,NaN,NaN,NaN,NaN,NaN,NaN,65220761,49973166.7,-1.071552083490866,1.0857954367990843,-1.0857954367990843,6.223225928958812
1657114200,150.1,153.1899,147.89,151.3,210.5895924238837,211.8274334366789,0,0,NaN,NaN,NaN,NaN,NaN,NaN,NaN,NaN,NaN,NaN,NaN,52906586,50506465.25,-1.0339615527680448,1.0999397691440633,-1.0999397691440633,3.5378600962303772
1657200600,154.555,159.45,153.89,158.58,210.07208404155648,211.22485200944826,0,0,NaN,NaN,NaN,NaN,NaN,NaN,NaN,NaN,NaN,NaN,NaN,49290276,51026408.5,-0.6357314801241033,1.0981085053007638,-1.0981085053007638,0.8483517102654033
1657287000,154.3,160.3699,153.89,158.38,209.55773494661562,210.64177885512535,0,0,NaN,NaN,NaN,NaN,NaN,NaN,NaN,NaN,NaN,NaN,NaN,46797176,51550005,-0.47422120865512035,1.092520293179677,-1.092520293179677,-1.4422615632604847
1657546200,155.26,155.2699,150.3801,151.52,208.9802450466493,210.07702483666645,0,0,NaN,NaN,NaN,NaN,NaN,NaN,NaN,NaN,NaN,NaN,NaN,43838873,51764079.7,-0.6298023339378913,1.0678544978909776,-1.0678544978909776,-3.5763555723389553
1657632600,152.68,154.31,148.77,150.82,208.40153614071247,209.52023851988366,0,0,NaN,NaN,NaN,NaN,NaN,NaN,NaN,NaN,NaN,NaN,NaN,45848310,51728246.9,-0.537162725457634,1.0523311330525267,-1.0523311330525267,-3.9740685746274234
1657719000,145.9,153.75,144.65,151.64,207.83674473632726,208.96966898237238,0,0,NaN,NaN,NaN,NaN,NaN,NaN,NaN,NaN,NaN,NaN,NaN,52191834,51317071.7,-0.3890849770953075,1.0348904261330063,-1.0348904261330063,-1.9770072203057858
1657805400,151.08,154.7299,147.28,153.72,207.298269664324,208.41490610692586,0,0,NaN,NaN,NaN,NaN,NaN,NaN,NaN,NaN,NaN,NaN,NaN,45623484,51249848.3,-0.19438556078197736,1.0170541875508718,-1.0170541875508718,-2.8072885840473623
1657891800,156.59,157.82,154.45,157.62,206.80395852338546,207.86415082227987,0,0,NaN,NaN,NaN,NaN,NaN,NaN,NaN,NaN,NaN,NaN,NaN,38593547,50359847.4,0.08221330107814456,1.0071055306045564,-1.0071055306045564,-5.439487008583847
1658151000,163.02,168.97,160.02,161.01,206.3482972445458,207.33776126185913,0,0,NaN,NaN,NaN,NaN,NaN,NaN,NaN,NaN,NaN,NaN,NaN,67051745,50983691.3,0.34247223881787525,1.0080315049345494,-1.0080315049345494,2.406321953924994
1658237400,164.86,171.1,161.7201,169.92,205.98582662519706,206.85461935875605,0,0,NaN,NaN,NaN,NaN,NaN,NaN,NaN,NaN,NaN,NaN,NaN,70236608,51343851.85,0.8548081544108402,1.0182374568302626,-1.0182374568302626,6.814517318445147
1658323800,169.47,179.325,168.01,178.07,205.70805720604088,206.42888185269877,1,0,NaN,NaN,NaN,NaN,NaN,NaN,NaN,NaN,NaN,NaN,NaN,76053779,52731096.4,1.362778622261085,1.0151333423641995,-1.0151333423641995,9.803240121140211
1658410200,178.85,181.44,175.4456,180.5,205.45723076617978,206.06067407306992,0,0,NaN,NaN,NaN,NaN,NaN,NaN,NaN,NaN,NaN,NaN,NaN,55704928,53326355.6,1.6347025735660157,1.0127309583705055,-1.0127309583705055,5.8663066473525145
1658496600,178.93,179.67,171.365,173.19,205.13616379338197,205.72711512706923,0,0,NaN,NaN,NaN,NaN,NaN,NaN,NaN,NaN,NaN,NaN,NaN,53667088,53691312.05,1.411851404072088,1.0045881281667388,-1.0045881281667388,2.822369179742457
1658755800,170.19,171.24,166.49,170.24,204.78893828300005,205.41524333476008,0,0,NaN,NaN,NaN,NaN,NaN,NaN,NaN,NaN,NaN,NaN,NaN,48074751,53734285.45,1.2264906093973131,0.9513906714561088,-0.9513906714561088,-0.5502993458766402
1658842200,168.89,169.19,164.78,165.33,204.3963120314279,205.09734041600623,0,0,NaN,NaN,NaN,NaN,NaN,NaN,NaN,NaN,NaN,NaN,NaN,39786491,53583770.6,0.8366069276687991,0.8906366253353466,-0.8906366253353466,-4.917316086072446
1658928600,170.32,179.36,169.1301,177.9,204.13266713559278,204.78226240191663,0,0,NaN,NaN,NaN,NaN,NaN,NaN,NaN,NaN,NaN,NaN,NaN,56977623,54123354.95,1.1364352561060784,0.8760653075887095,-0.8760653075887095,-2.0100229446253555
1659015000,179.75,181.4,174.4,179.84,203.89094905464162,204.469006059609,0,0,NaN,NaN,NaN,NaN,NaN,NaN,NaN,NaN,NaN,NaN,NaN,47464628,54084824.95,1.0618717128448398,0.8690115696244118,-0.8690115696244118,-3.1012552161505504
1659101400,178.13,182.44,176.92,181.63,203.6694470739984,204.17566271573227,0,0,NaN,NaN,NaN,NaN,NaN,NaN,NaN,NaN,NaN,NaN,NaN,43546042,52831776.9,0.9988168593962952,0.870500661954143,-0.870500661954143,-4.765444713172627
1659360600,181.82,188.46,179.9,184.41,203.4778107847049,203.91343721607325,0,0,NaN,NaN,NaN,NaN,NaN,NaN,NaN,NaN,NaN,NaN,NaN,47646904,52326071.7,1.0057204111673494,0.8916795158466166,-0.8916795158466166,-4.153259069011823
1659447000,181.22,189.3753,180.92,185.26,203.29653903560336,203.6934826169083,0,0,NaN,NaN,NaN,NaN,NaN,NaN,NaN,NaN,NaN,NaN,NaN,48952692,51512668.25,0.9675515606683457,0.9122720260332654,-0.9122720260332654,-3.1583690670939975
1659533400,181.84,189.68,181.37,188.93,203.1535883984332,203.4976668694764,0,0,NaN,NaN,NaN,NaN,NaN,NaN,NaN,NaN,NaN,NaN,NaN,41814557,50958066.8,1.0575307786163304,0.934502476082781,-0.934502476082781,-4.718421023203417
1659619800,188.49,192.74,187.6,192.15,203.04409995665773,203.32829704987964,0,0,NaN,NaN,NaN,NaN,NaN,NaN,NaN,NaN,NaN,NaN,NaN,40965227,50541814.35,1.1495417233792273,0.9577954680492977,-0.9577954680492977,-5.6556351063601795
1659706200,188.1,192.2892,186.66,189.89,202.9132133899248,203.1770503130649,0,0,NaN,NaN,NaN,NaN,NaN,NaN,NaN,NaN,NaN,NaN,NaN,38606829,50132297,1.0212430270616344,0.9690576943990242,-0.9690576943990242,-6.728754773096774
1659965400,175.02,182.39,172.42,177.93,202.66462420196535,203.01441299651702,0,0,NaN,NaN,NaN,NaN,NaN,NaN,NaN,NaN,NaN,NaN,NaN,98378318,52859269.25,0.40843771344641044,0.9448022409350276,-0.9448022409350276,10.796433808317548
1660051800,172.52,174.4719,167.24,170.86,202.34816027955773,202.82473724530786,0,0,NaN,NaN,NaN,NaN,NaN,NaN,NaN,NaN,NaN,NaN,NaN,66826265,53908167,-0.132292550211482,0.9205554695531192,-0.9205554695531192,10.01329521921774
1660138200,176.98,181.18,173.1701,180.97,202.1354422668258,202.62110801898638,0,0,NaN,NaN,NaN,NaN,NaN,NaN,NaN,NaN,NaN,NaN,NaN,59742246,54285687.6,0.03111797887416734,0.8970496340584683,-0.8970496340584683,7.26707871013729
1660224600,181.31,187.07,178.76,179.42,201.90941796566335,202.39417162078752,0,0,NaN,NaN,NaN,NaN,NaN,NaN,NaN,NaN,NaN,NaN,NaN,50932655,54551146.15,-0.1858727932513594,0.8887709565362961,-0.8887709565362961,3.126018638193959
1660311000,181.6,187.18,179.53,187.09,201.7619610704826,202.16392115689908,0,0,NaN,NaN,NaN,NaN,NaN,NaN,NaN,NaN,NaN,NaN,NaN,47809415,55011939.55,0.024747220796935365,0.8837097260924521,-0.8837097260924521,-0.25364202618538895
1660570200,187.01,191.64,186.13,190.32,201.64811071157234,201.96061845882048,0,0,NaN,NaN,NaN,NaN,NaN,NaN,NaN,NaN,NaN,NaN,NaN,45766556,53947680.1,0.16761991756949618,0.875328908621035,-0.875328908621035,-2.7785701926729613
1660656600,189.195,191.42,185.01,188.79,201.5201693114572,201.79502026520035,0,0,NaN,NaN,NaN,NaN,NaN,NaN,NaN,NaN,NaN,NaN,NaN,45123964,52692047.9,0.17928682993088257,0.8694508020689358,-0.8694508020689358,-4.284860132764016
1660743000,185.23,186.88,181.45,183.35,201.3393716068656,201.63580613320832,0,0,NaN,NaN,NaN,NaN,NaN,NaN,NaN,NaN,NaN,NaN,NaN,44679911,51123354.5,0.022047316918308246,0.8659726645856654,-0.8659726645856654,-5.059546216470005
1660829400,183.01,188.6499,181.83,187.73,201.20395497396146,201.49471353486797,0,0,NaN,NaN,NaN,NaN,NaN,NaN,NaN,NaN,NaN,NaN,NaN,41544656,50415340.9,0.22660447355690994,0.8662858705170117,-0.8662858705170117,-6.258176258845754
1660915800,184.06,185.2,177.7,178.49,200.977945471733,201.33791041511805,0,0,NaN,NaN,NaN,NaN,NaN,NaN,NaN,NaN,NaN,NaN,NaN,44158833,49939928.15,-0.1409355952441687,0.8665883463690953,-0.8665883463690953,-5.7304860152803725
1661175000,174.9,175.58,169.66,170.34,200.6730902929098,201.14290633138552,0,0,NaN,NaN,NaN,NaN,NaN,NaN,NaN,NaN,NaN,NaN,NaN,40959271,49584154.15,-0.5842220347644769,0.8717433613882356,-0.8717433613882356,-6.210139281406674
1661261400,169.885,174.65,169.7,171.81,200.38589536462214,200.91605154201852,0,0,NaN,NaN,NaN,NaN,NaN,NaN,NaN,NaN,NaN,NaN,NaN,36998577,49444758.45,-0.6660610005889067,0.8651324171193616,-0.8651324171193616,-7.58094425163385
1661347800,170.12,174.06,168.95,172.22,200.10563769930252,200.6693047605059,0,0,NaN,NaN,NaN,NaN,NaN,NaN,NaN,NaN,NaN,NaN,NaN,52266071,49209180.85,-0.7595985463336752,0.8350132180287959,-0.8350132180287959,-2.5160227987298747
1661434200,168.44,179.47,168.33,179.13,199.89692488637414,200.40789874298844,0,0,NaN,NaN,NaN,NaN,NaN,NaN,NaN,NaN,NaN,NaN,NaN,77069133,50689406.1,-0.5199969305593538,0.7753533687509955,-0.7753533687509955,7.493535541251514
1661520600,178.57,179.24,162.37,162.6,199.5258112059127,200.1174718898244,0,1,NaN,NaN,NaN,NaN,NaN,NaN,NaN,NaN,NaN,NaN,NaN,76912743,52357741.15,-1.2676997437736923,0.7653250136777575,-0.7653250136777575,11.313072848924731
1661779800,160.2,163.38,157.67,158.01,199.11271855709765,199.80539754266198,0,0,NaN,NaN,NaN,NaN,NaN,NaN,NaN,NaN,NaN,NaN,NaN,49613194,52456055.65,-1.5570290183304318,0.7890023970306993,-0.7890023970306993,5.839229743456174
1661866200,159.6,160.39,151.82,154.68,198.67060195453948,199.46233886064545,0,0,NaN,NaN,NaN,NaN,NaN,NaN,NaN,NaN,NaN,NaN,NaN,53018069,52659324.5,-1.7733877253334016,0.8487193278332826,-0.8487193278332826,3.3194470816945447
1661952600,153.84,155.4,149.5851,150.94,198.19567059180775,199.0803454391465,0,0,NaN,NaN,NaN,NaN,NaN,NaN,NaN,NaN,NaN,NaN,NaN,57370986,53437145.95,-1.9838012710983162,0.9088915188917738,-0.9088915188917738,2.899671017392756
1662039000,142.09,143.8,132.7021,139.37,197.61034053616788,198.62302856910523,0,0,NaN,NaN,NaN,NaN,NaN,NaN,NaN,NaN,NaN,NaN,NaN,117886514,57283210.3,-2.6214781253389607,1.0275538108522693,-1.0275538108522693,15.838173461946973
1662125400,141,141.71,135.91,136.47,197.0019789387931,198.1182621156813,0,0,NaN,NaN,NaN,NaN,NaN,NaN,NaN,NaN,NaN,NaN,NaN,74315746,59068656.15,-2.827896291746599,1.155786021254547,-1.155786021254547,12.049178943995479
1662471000,137.31,137.79,133.51,134.65,196.38156123790958,197.57203065184368,0,0,NaN,NaN,NaN,NaN,NaN,NaN,NaN,NaN,NaN,NaN,NaN,53575118,56828496.15,-2.911741688977307,1.2784803368229831,-1.2784803368229831,5.004303035570282
1662557400,135.63,138.38,133.46,137.14,195.7920929668856,196.9963288543129,0,0,NaN,NaN,NaN,NaN,NaN,NaN,NaN,NaN,NaN,NaN,NaN,51265746,56050470.2,-2.664031273209165,1.3714766624796777,-1.3714766624796777,0.06153602901710769
1662643800,134.59,140.08,133.69,139.9,195.23595273835937,196.4043852836232,0,0,NaN,NaN,NaN,NaN,NaN,NaN,NaN,NaN,NaN,NaN,NaN,62487312,56187723.5,-2.274995400870601,1.4294186037605836,-1.4294186037605836,-0.0444371956041197
1662730200,141.57,144.74,141.26,143.87,194.72484873101251,195.82728692259215,0,0,NaN,NaN,NaN,NaN,NaN,NaN,NaN,NaN,NaN,NaN,NaN,48712842,56076732.85,-1.7158315596602631,1.451944494624473,-1.451944494624473,-3.569503714229458
1662989400,143.69,145.47,141.98,145.05,194.2305716292114,195.27300546067582,0,0,NaN,NaN,NaN,NaN,NaN,NaN,NaN,NaN,NaN,NaN,NaN,48415924,56107058.3,-1.2271545280859546,1.4583078043024766,-1.4583078043024766,-5.547312068968607
1663075800,138.02,139.22,130.99,131.31,193.60449628961726,194.71759247101735,0,0,NaN,NaN,NaN,NaN,NaN,NaN,NaN,NaN,NaN,NaN,NaN,71495563,57393508.65,-1.6210118557236486,1.491675559535237,-1.491675559535237,-0.18853897660861113
1663162200,132.54,132.8999,129.13,131.28,192.98435204792952,194.15604428722614,0,0,NaN,NaN,NaN,NaN,NaN,NaN,NaN,NaN,NaN,NaN,NaN,58850654,58079843.15,-1.4050467083674387,1.5176831593810582,-1.5176831593810582,-0.5449180578900288
1663248600,130.152,132.3299,127.9,129.29,192.35057740068643,193.57896921969154,0,0,NaN,NaN,NaN,NaN,NaN,NaN,NaN,NaN,NaN,NaN,NaN,52362516,58463973.4,-1.3540440262028153,1.5416422568547878,-1.5416422568547878,-2.395193548061201
1663335000,127.415,132.12,126.17,131.98,191.74987513799303,192.98397450108763,0,0,NaN,NaN,NaN,NaN,NaN,NaN,NaN,NaN,NaN,NaN,NaN,67075140,59740497.6,-1.0836626117170187,1.5563585340630273,-1.5563585340630273,0.5265692049286578
1663594200,130.12,134.63,130.1,133.82,191.1734584699533,192.37255186923602,0,0,NaN,NaN,NaN,NaN,NaN,NaN,NaN,NaN,NaN,NaN,NaN,56968528,60380982.35,-0.8518971700664939,1.5656489201248216,-1.5656489201248216,-0.48903681509850927
1663680600,132.145,134.8276,130.57,131.76,190.58227977870996,191.76810856705453,0,0,NaN,NaN,NaN,NaN,NaN,NaN,NaN,NaN,NaN,NaN,NaN,52481775,60957107.55,-0.8349659228833348,1.5741726103932938,-1.5741726103932938,-2.2035893622861713
1663767000,132.13,140.31,131.1,132.61,190.00544117394668,191.17232639225796,0,0,NaN,NaN,NaN,NaN,NaN,NaN,NaN,NaN,NaN,NaN,NaN,80767940,63145575.7,-0.6682864412974161,1.5794296208827567,-1.5794296208827567,4.059164726134754
1663853400,130.7,131.4897,124.28,125.61,189.36469051549946,190.57514901522057,0,0,NaN,NaN,NaN,NaN,NaN,NaN,NaN,NaN,NaN,NaN,NaN,75916216,64328082.95,-0.976053647114796,1.5914413947225206,-1.5914413947225206,5.748304622876496
1663939800,124.2,126.11,122.57,125.16,188.72583787355418,189.9703415623328,0,0,NaN,NaN,NaN,NaN,NaN,NaN,NaN,NaN,NaN,NaN,NaN,66330931,63791172.85,-0.9613000462747079,1.6023718795890147,-1.6023718795890147,4.150269543930067
1664199000,124.91,126.59,122.14,122.28,188.06468525789694,189.34858691992153,0,0,NaN,NaN,NaN,NaN,NaN,NaN,NaN,NaN,NaN,NaN,NaN,54734269,62682249.15,-1.1013065362916876,1.6171939185801159,-1.6171939185801159,0.35326647699045893
1664285400,125.07,127.36,122.58,124.13,187.42851923543031,188.71783481126562,0,0,NaN,NaN,NaN,NaN,NaN,NaN,NaN,NaN,NaN,NaN,NaN,55385406,62970859.75,-0.9635931506138485,1.6244396034487503,-1.6244396034487503,-1.6893512212367126
1664371800,124.1,128.23,123.5386,127.36,186.83082252662007,188.08291108180032,0,0,NaN,NaN,NaN,NaN,NaN,NaN,NaN,NaN,NaN,NaN,NaN,54241388,63032025.7,-0.6989282583855607,1.624991865643428,-1.624991865643428,-3.0540816704970246
1664458200,124.48,125,119.4601,122.2,186.18772976516115,187.44751893173265,0,0,NaN,NaN,NaN,NaN,NaN,NaN,NaN,NaN,NaN,NaN,NaN,53276312,62827292,-0.9048485073456785,1.6279646796516956,-1.6279646796516956,-3.9188014399033975
1664544600,120.87,126.33,120.75,121.39,185.54297623515956,186.81094660405373,0,0,NaN,NaN,NaN,NaN,NaN,NaN,NaN,NaN,NaN,NaN,NaN,56563842,59761158.4,-0.8845155804628367,1.6342422826389793,-1.6342422826389793,-3.300254245600431
1664803800,123.47,126.78,121.05,125.12,184.9417525910286,186.18636007068005,0,0,NaN,NaN,NaN,NaN,NaN,NaN,NaN,NaN,NaN,NaN,NaN,54747847,58782763.45,-0.5734477332193857,1.618523717731651,-1.618523717731651,-3.254290269692892
1664890200,128.79,132.2,128.79,131.67,184.41168540106813,185.58299330380765,0,0,NaN,NaN,NaN,NaN,NaN,NaN,NaN,NaN,NaN,NaN,NaN,58418167,59024915.9,-0.04827481093328184,1.588313151931252,-1.588313151931252,-2.047444981368942
1664976600,129.107,133.21,126.21,132.09,183.89107161598287,184.9950431216802,0,0,NaN,NaN,NaN,NaN,NaN,NaN,NaN,NaN,NaN,NaN,NaN,50713073,58997282.25,0.1842533371245469,1.5486447233994383,-1.5486447233994383,-3.355945148138628
1665063000,132.2,136.56,131.03,131.3,183.3677773710477,184.4310526428575,0,0,NaN,NaN,NaN,NaN,NaN,NaN,NaN,NaN,NaN,NaN,NaN,64415689,59093701.1,0.3198493119750069,1.4983237044374977,-1.4983237044374977,-0.17484569594648303
1665149400,125.05,126.7,120.22,120.76,182.7448144121318,183.87142027825195,0,0,NaN,NaN,NaN,NaN,NaN,NaN,NaN,NaN,NaN,NaN,NaN,67247816,60020449.8,-0.24057895178655814,1.4044227106166391,-1.4044227106166391,2.2022437695939905
1665408600,120.37,121.2432,114.0812,116.7,182.08765207967278,183.3006001759808,0,0,NaN,NaN,NaN,NaN,NaN,NaN,NaN,NaN,NaN,NaN,NaN,69869925,61093149.85,-0.5781864023499279,1.290695639279577,-1.290695639279577,3.90737688240782
1665495000,115.61,118.46,112.83,115.86,181.4286704669397,182.7039971891551,0,0,NaN,NaN,NaN,NaN,NaN,NaN,NaN,NaN,NaN,NaN,NaN,66748163,60855779.85,-0.7797914205166434,1.1623633825541104,-1.1623633825541104,3.8109048730673454
1665581400,115.79,117.35,113.45,115,180.76768867124878,182.0793206002083,0,0,NaN,NaN,NaN,NaN,NaN,NaN,NaN,NaN,NaN,NaN,NaN,49259019,60376198.1,-0.9853742930874709,1.051686563580747,-1.051686563580747,-0.7048948131848453
1665667800,109.71,120.7799,108.13,119.6,180.1590549531269,181.43757611662414,0,0,NaN,NaN,NaN,NaN,NaN,NaN,NaN,NaN,NaN,NaN,NaN,85010301,62008587.35,-0.7991806398527186,0.9615446182375529,-0.9615446182375529,5.394148663284858
1665754200,120.57,121.11,112.04,112.27,179.4835419685187,180.7853216279015,0,0,NaN,NaN,NaN,NaN,NaN,NaN,NaN,NaN,NaN,NaN,NaN,71343199,62221990.3,-1.3031322588682823,0.9352705932406302,-0.9352705932406302,5.068762697439371
1666013400,115.18,119.48,115.17,118.88,178.880521650424,180.14389554205178,0,0,NaN,NaN,NaN,NaN,NaN,NaN,NaN,NaN,NaN,NaN,NaN,58077417,62277434.75,-0.8932899240903827,0.9200072981709776,-0.9200072981709776,1.6218329749195937
1666099800,123.44,124.92,116.18,119.67,178.2913622310168,179.51643389486716,0,0,NaN,NaN,NaN,NaN,NaN,NaN,NaN,NaN,NaN,NaN,NaN,65936206,62950156.3,-0.7126949922108006,0.8727105002856853,-0.8727105002856853,1.424121876916341
1666186200,118.79,123.5,118.34,120.51,177.71642330334498,178.90618082128643,0,0,NaN,NaN,NaN,NaN,NaN,NaN,NaN,NaN,NaN,NaN,NaN,52313061,61527412.35,-0.47792782747564005,0.8317415268772791,-0.8317415268772791,-2.026171442484472
1666272600,121.13,127.69,121.05,121.94,177.16143401674452,178.30665663400993,0,0,NaN,NaN,NaN,NaN,NaN,NaN,NaN,NaN,NaN,NaN,NaN,65239761,60993589.6,-0.1843551613170581,0.7872839586556402,-0.7872839586556402,-0.6725192387119452
1666359000,120.982,124.98,118.87,124.66,176.6390316882197,177.73775457795014,0,0,NaN,NaN,NaN,NaN,NaN,NaN,NaN,NaN,NaN,NaN,NaN,60949441,60724515.1,0.18770456204614352,0.757794408411463,-0.757794408411463,-0.9400527897985548
1666618200,125.08,127.1,120.64,125.99,176.1350612236603,177.18866249259742,0,0,NaN,NaN,NaN,NaN,NaN,NaN,NaN,NaN,NaN,NaN,NaN,51745740,60575088.65,0.46143820329065366,0.7441372336492991,-0.7441372336492991,-3.3603508366554466
1666704600,126.935,133,126.64,132.61,175.70197603735522,176.67078525386506,1,0,NaN,NaN,NaN,NaN,NaN,NaN,NaN,NaN,NaN,NaN,NaN,50548233,60333230,0.9990181070859867,0.7521801552418154,-0.7521801552418154,-4.907789523668444
1666791000,128.69,133.88,127.08,128.96,175.23688174842633,176.17487694288133,0,0,NaN,NaN,NaN,NaN,NaN,NaN,NaN,NaN,NaN,NaN,NaN,53553329,60298827.05,0.9282980532382513,0.7631383926002936,-0.7631383926002936,-4.699046561355557
1666877400,136.3,138.38,131.22,131.76,174.80427595988476,175.70344533150939,0,0,NaN,NaN,NaN,NaN,NaN,NaN,NaN,NaN,NaN,NaN,NaN,58311308,60550576.85,1.1219258494457047,0.7711171647972147,-0.7711171647972147,-3.0055345663871376
1666963800,131.04,138.5,130.61,138.34,174.4414473433685,175.26392846253916,0,0,NaN,NaN,NaN,NaN,NaN,NaN,NaN,NaN,NaN,NaN,NaN,52103993,60327584.4,1.485454276998263,0.8036919478558197,-0.8036919478558197,-3.5926618568760946
1667223000,137.78,138.38,132.97,134.97,174.048696623534,174.8466555425139,0,0,NaN,NaN,NaN,NaN,NaN,NaN,NaN,NaN,NaN,NaN,NaN,48634099,60021897,1.2910059821851831,0.8149070875962775,-0.8149070875962775,-4.71321913289558
1667309400,138.11,139.25,135.19,135.43,173.66443098548888,174.43914653214063,0,0,NaN,NaN,NaN,NaN,NaN,NaN,NaN,NaN,NaN,NaN,NaN,43281690,59265073.15,1.221293950106612,0.8286105523832837,-0.8286105523832837,-6.717045724496382
1667395800,138.5,142.1,132.1124,132.19,173.25175008016063,174.04212019848748,0,0,NaN,NaN,NaN,NaN,NaN,NaN,NaN,NaN,NaN,NaN,NaN,67262784,60092558.7,0.8947540030559767,0.8361093278665915,-0.8361093278665915,-0.44209237397354995
1667482200,130.43,137.81,129.56,134.21,172.86327495498492,173.6539199975075,0,0,NaN,NaN,NaN,NaN,NaN,NaN,NaN,NaN,NaN,NaN,NaN,50006486,59372098.55,0.8147494175415582,0.8323950022862147,-0.8323950022862147,-1.8873534052250394
1667568600,139.86,142.29,136.97,141.56,172.5517995822985,173.2759904452935,0,0,NaN,NaN,NaN,NaN,NaN,NaN,NaN,NaN,NaN,NaN,NaN,61257591,59072587.3,1.045308589496953,0.8398175571151458,-0.8398175571151458,0.5481765117094813
1667831400,142.28,144.12,139.54,143.01,172.25785132774826,172.91782138613635,0,0,NaN,NaN,NaN,NaN,NaN,NaN,NaN,NaN,NaN,NaN,NaN,41006095,57629395.8,1.038874580945309,0.8575023340649546,-0.8575023340649546,-3.855587728313929
1667917800,148.01,148.9101,142.16,146.02,171.99677818020848,172.58429082508027,0,0,NaN,NaN,NaN,NaN,NaN,NaN,NaN,NaN,NaN,NaN,NaN,59529199,57268447.6,1.1368980322152307,0.8870842801325102,-0.8870842801325102,-0.7457247225332013
1668004200,141.615,142.11,137.5901,137.76,171.65611372070393,172.26516355318896,0,0,NaN,NaN,NaN,NaN,NaN,NaN,NaN,NaN,NaN,NaN,NaN,45441366,57077564.95,0.6324129205196722,0.8952979350194891,-0.8952979350194891,-3.0686405581082457
1668090600,148,157.73,145.47,157.5,171.5152568677616,171.9955599357443,0,0,NaN,NaN,NaN,NaN,NaN,NaN,NaN,NaN,NaN,NaN,NaN,70081925,56331146.15,1.4789970565312869,0.9407250081104759,-0.9407250081104759,2.7782034084106777
1668177000,158.075,163.89,154.82,163.27,171.43321451086845,171.77184292145827,0,0,NaN,NaN,NaN,NaN,NaN,NaN,NaN,NaN,NaN,NaN,NaN,65548747,56041423.55,1.806818245041709,1.0065943067727783,-1.0065943067727783,4.338634962243092
1668436200,162.18,165.4,159.22,162.95,171.34880441623295,171.59003353915523,0,0,NaN,NaN,NaN,NaN,NaN,NaN,NaN,NaN,NaN,NaN,NaN,52785245,55776814.95,1.8585929309327476,1.0667871507987914,-1.0667871507987914,1.6427974428598169
1668522600,167.215,169.98,163.82,166.66,171.30214964592219,171.45110783229796,0,0,NaN,NaN,NaN,NaN,NaN,NaN,NaN,NaN,NaN,NaN,NaN,54587550,55209382.15,2.0363231119488434,1.1311835887154786,-1.1311835887154786,0.5207961788074367
1668609000,161.615,163.62,158.73,159.1,171.18073522158465,171.35603213247413,0,0,NaN,NaN,NaN,NaN,NaN,NaN,NaN,NaN,NaN,NaN,NaN,64954684,55841463.3,1.6273949273714003,1.1604630030576117,-1.1604630030576117,2.5863481445602656
1668695400,157.15,162.66,155.35,156.77,171.03734482136989,171.2604497231958,0,0,NaN,NaN,NaN,NaN,NaN,NaN,NaN,NaN,NaN,NaN,NaN,71089356,56133943.05,1.3241484263543026,1.179517509773186,-1.179517509773186,4.963513182382963
1668781800,159.66,160.02,151.2001,154.09,170.86871452463984,171.14754972595009,0,0,NaN,NaN,NaN,NaN,NaN,NaN,NaN,NaN,NaN,NaN,NaN,49207165,55546829.25,0.9242034423858999,1.1651186585983977,-1.1651186585983977,0.5364250048342597
1669041000,151.47,154.77,150.8,153.17,170.69260791245438,171.01631042519438,0,0,NaN,NaN,NaN,NaN,NaN,NaN,NaN,NaN,NaN,NaN,NaN,40473931,54983238.8,0.5654988276665205,1.156881311992964,-1.156881311992964,-4.5260643815084585
1669127400,153.28,160.5757,151.216,160.38,170.5899948984001,170.87387947568996,0,0,NaN,NaN,NaN,NaN,NaN,NaN,NaN,NaN,NaN,NaN,NaN,47286607,54820157.5,0.615335734824338,1.1546438960232457,-1.1546438960232457,-5.291223708020035
1669213800,160.98,165.27,160.4801,165.19,170.5362636058787,170.74498515254876,0,0,NaN,NaN,NaN,NaN,NaN,NaN,NaN,NaN,NaN,NaN,NaN,42724093,54278695.7,0.6594371653519818,1.158214238081459,-1.158214238081459,-6.865668541489578
1669386600,163.18,164.87,161.72,162.7,170.4582908336809,170.62917435501097,0,0,NaN,NaN,NaN,NaN,NaN,NaN,NaN,NaN,NaN,NaN,NaN,16793430,52202801.8,0.45409695312326426,1.1611842704704016,-1.1611842704704016,-16.87360830826673
1669645800,160.26,163.57,157.25,158.27,170.33701430797265,170.52283431167754,0,0,NaN,NaN,NaN,NaN,NaN,NaN,NaN,NaN,NaN,NaN,NaN,30415201,51118362.2,0.16842805500689542,1.161066023218274,-1.161066023218274,-17.264116552859786
1669732200,158.27,159.32,155.2,156.39,170.19823804620177,170.423960338427,0,0,NaN,NaN,NaN,NaN,NaN,NaN,NaN,NaN,NaN,NaN,NaN,29838449,50178579.7,-0.004684043296818333,1.157392837054091,-1.157392837054091,-16.975648837028917
1669818600,156.97,169.3,155.97,169.23,170.18860383678683,170.34368212610437,0,0,NaN,NaN,NaN,NaN,NaN,NaN,NaN,NaN,NaN,NaN,NaN,56529822,50840986.3,0.5169581585452173,1.1446949469793903,-1.1446949469793903,-4.852721410936116
1669905000,169.99,172.65,166.35,171.35,170.20016001751532,170.2764614084317,0,0,NaN,NaN,NaN,NaN,NaN,NaN,NaN,NaN,NaN,NaN,NaN,47097657,49832729.95,0.6727268952660527,1.1375234017983473,-1.1375234017983473,-1.8534934496743243
1669991400,166.59,169.3257,164.45,168.76,170.18583006709227,170.22196925511398,0,0,NaN,NaN,NaN,NaN,NaN,NaN,NaN,NaN,NaN,NaN,NaN,37138858,49189348.55,0.6194671757939542,1.1220340317691577,-1.1220340317691577,-3.685079638467073
1670250600,166.79,169.95,164.7201,166.1,170.14517504154907,170.18360140182924,0,0,NaN,NaN,NaN,NaN,NaN,NaN,NaN,NaN,NaN,NaN,NaN,35225517,47887744.85,0.5102147982972354,1.0867889204910555,-1.0867889204910555,-5.278437132182753
1670337000,165.3,165.73,158.19,159.87,170.04293449387197,170.1525406913633,0,0,NaN,NaN,NaN,NaN,NaN,NaN,NaN,NaN,NaN,NaN,NaN,35269427,47600911.45,0.16432841351123623,1.056182963770994,-1.056182963770994,-5.903150704343226
1670423400,157.72,161.86,156.67,161.2,169.954945095923,170.10580894319054,0,0,NaN,NaN,NaN,NaN,NaN,NaN,NaN,NaN,NaN,NaN,NaN,37238758,46486389.4,0.1042303224017179,1.0277619641053657,-1.0277619641053657,-5.135241108847872
1670509800,162.73,171.79,159.59,171.69,169.97220932382425,170.06021880445232,0,0,NaN,NaN,NaN,NaN,NaN,NaN,NaN,NaN,NaN,NaN,NaN,51545554,46791598.8,0.4685100067056681,1.0163913276281265,-1.0163913276281265,1.043413117576628
1670596200,171.6,175.83,169.75,170.01,169.97258535045285,170.01756986112443,0,0,NaN,NaN,NaN,NaN,NaN,NaN,NaN,NaN,NaN,NaN,NaN,46533819,45614193.5,0.3802579853911937,1.006122513295694,-1.006122513295694,2.34393167065082
1670855400,170.37,175.38,167.97,175.35,170.02609196388119,169.99375324559088,0,0,NaN,NaN,NaN,NaN,NaN,NaN,NaN,NaN,NaN,NaN,NaN,45732780,44623395.15,0.5997339496035,0.9914448760680948,-0.9914448760680948,2.604745548873884
1670941800,185.31,187.9,177.11,180.72,170.1324990090167,170.0116661486198,0,0,NaN,NaN,NaN,NaN,NaN,NaN,NaN,NaN,NaN,NaN,NaN,65658876,45267076.7,0.8654717591568427,0.9847609766436879,-0.9847609766436879,8.760511761093206
1671028200,179.87,182.52,174.2,176.74,170.19824528753395,170.060326186942,0,0,NaN,NaN,NaN,NaN,NaN,NaN,NaN,NaN,NaN,NaN,NaN,49688810,45022139.7,0.756588997782867,0.9700256554115868,-0.9700256554115868,6.5373979780281
1671114600,171.46,173.2,167,169.52,170.19149657820526,170.10418363781824,0,0,NaN,NaN,NaN,NaN,NaN,NaN,NaN,NaN,NaN,NaN,NaN,47854210,44167116,0.4249250608712947,0.9654917816166685,-0.9654917816166685,4.387857164824136
1671201000,168.642,170.41,164.1,165.71,170.14690457245197,170.13904748221805,0,0,NaN,NaN,NaN,NaN,NaN,NaN,NaN,NaN,NaN,NaN,NaN,47823193,43003807.85,0.14637716583896776,0.9195293032999886,-0.9195293032999886,2.940394292545251
1671460200,165.72,166.09,161.45,162.54,170.07121397969127,170.14807188538006,0,1,NaN,NaN,NaN,NaN,NaN,NaN,NaN,NaN,NaN,NaN,NaN,35403877,42313643.45,-0.16170866200170947,0.8461657287183129,-0.8461657287183129,-2.06208469159583
1671546600,160.64,163.1,158.52,160.85,169.979460606759,170.1174642049285,0,0,NaN,NaN,NaN,NaN,NaN,NaN,NaN,NaN,NaN,NaN,NaN,40325979,42306245.85,-0.4274760301870562,0.7649386664277378,-0.7649386664277378,-3.1730676218717764
1671633000,161.14,166.27,161.02,165.01,169.9300132375375,170.0638177949292,0,0,NaN,NaN,NaN,NaN,NaN,NaN,NaN,NaN,NaN,NaN,NaN,32502538,41567042.4,-0.3984976284628535,0.6523945931271853,-0.6523945931271853,-6.543966277517058
1671719400,160.935,161.38,148.82,153.39,169.76543599139285,169.97860567756675,0,0,NaN,NaN,NaN,NaN,NaN,NaN,NaN,NaN,NaN,NaN,NaN,56504527,42256064.1,-1.0706754900553896,0.604595712320583,-0.604595712320583,0.6440308210157617
1671805800,151.96,153.39,148.83,152.06,169.58926249894117,169.8670772628646,0,0,NaN,NaN,NaN,NaN,NaN,NaN,NaN,NaN,NaN,NaN,NaN,34932563,43163020.75,-1.2739798740631048,0.6002684415630093,-0.6002684415630093,-3.0731766111560286
1672151400,150.74,151,140.56,141.21,169.30688177755866,169.71421082243808,0,0,NaN,NaN,NaN,NaN,NaN,NaN,NaN,NaN,NaN,NaN,NaN,46490226,43966772,-1.9486962320686405,0.6914136258527933,-0.6914136258527933,-0.8572715428202502
1672237800,139.27,142.62,138.84,140.36,169.0188531031551,169.5220893217173,0,0,NaN,NaN,NaN,NaN,NaN,NaN,NaN,NaN,NaN,NaN,NaN,35106645,44230181.8,-2.105277378613173,0.8015915161023301,-0.8015915161023301,-3.6956740858087076
1672324200,144.02,146.83,142.27,146.03,168.79010829615854,169.2941083334415,0,0,NaN,NaN,NaN,NaN,NaN,NaN,NaN,NaN,NaN,NaN,NaN,35492324,43178306.9,-1.8224694584838694,0.8719284564168206,-0.8719284564168206,-5.008184305423589
1672410600,143.34,146.2899,142.33,146.14,168.56473408425646,169.05396795201423,0,0,NaN,NaN,NaN,NaN,NaN,NaN,NaN,NaN,NaN,NaN,NaN,31048983,42375873.2,-1.683837083953897,0.925352490200062,-0.925352490200062,-7.32679059595935
1672756200,148.51,149.96,140.96,143.15,168.31185115804496,168.79848568383497,0,0,NaN,NaN,NaN,NaN,NaN,NaN,NaN,NaN,NaN,NaN,NaN,40127658,42525313.2,-1.6416313678405803,0.9776641608042856,-0.9776641608042856,-4.488541650609726
1672842600,145.67,148.53,142.41,147.49,168.10466855945745,168.55804304021473,0,0,NaN,NaN,NaN,NaN,NaN,NaN,NaN,NaN,NaN,NaN,NaN,43132360,42920655.35,-1.1895899359688267,1.0056328651963122,-1.0056328651963122,-1.5024849975460248
1672929000,144.91,145.64,141.4795,142.65,167.85138827528374,168.32455007464046,0,0,NaN,NaN,NaN,NaN,NaN,NaN,NaN,NaN,NaN,NaN,NaN,38916811,43103024.55,-1.1674490035449596,1.032382714397914,-1.032382714397914,-1.427947789723133
1673015400,144.74,150.1,140.34,148.59,167.65973267055455,168.0984749495197,0,0,NaN,NaN,NaN,NaN,NaN,NaN,NaN,NaN,NaN,NaN,NaN,40504362,43266304.75,-0.6268167840984731,1.034814094759657,-1.034814094759657,-0.690433777289889
1673274600,152.84,160.56,151.41,156.28,167.54650149970325,167.89482843260902,0,0,NaN,NaN,NaN,NaN,NaN,NaN,NaN,NaN,NaN,NaN,NaN,50423056,43210179.85,0.02356417602092764,1.0260409165839042,-1.0260409165839042,3.3534724972653596
1673361000,155.07,159.6199,154.72,159.09,167.46235720617386,167.72492964223483,1,0,NaN,NaN,NaN,NaN,NaN,NaN,NaN,NaN,NaN,NaN,NaN,38410126,42803995.2,0.4547458170383184,1.0225860010548973,-1.0225860010548973,1.004823777301809
1673447400,158.3951,160.28,155.63,160.01,167.38820439815223,167.58163680997376,0,0,NaN,NaN,NaN,NaN,NaN,NaN,NaN,NaN,NaN,NaN,NaN,35328493,42283780.85,0.7476749256560551,1.0284114330926015,-1.0284114330926015,-1.537484779053186
1673533800,161,166.37,154.92,165.11,167.3655356976731,167.48446629445166,0,0,NaN,NaN,NaN,NaN,NaN,NaN,NaN,NaN,NaN,NaN,NaN,55140906,41757882.35,1.1602126084692677,1.0537521788780018,-1.0537521788780018,4.336095964514845
1673620200,162.78,169.22,161.65,168.99,167.38169952157685,167.4288596646561,0,0,NaN,NaN,NaN,NaN,NaN,NaN,NaN,NaN,NaN,NaN,NaN,44728706,41509877.15,1.4664296778903805,1.0936067556913338,-1.0936067556913338,3.5169356460838457
1673965800,168.99,177.28,168.99,177.02,167.47760300892435,167.41507996650031,0,0,NaN,NaN,NaN,NaN,NaN,NaN,NaN,NaN,NaN,NaN,NaN,51110216,41672677.45,1.8893523325115908,1.1532483516108187,-1.1532483516108187,4.948420963579116
1674052200,176.67,178.73,172.82,173.77,167.54021392425844,167.4306513101172,0,0,NaN,NaN,NaN,NaN,NaN,NaN,NaN,NaN,NaN,NaN,NaN,43962355,41479635.55,1.7857435754969546,1.204887181346065,-1.204887181346065,3.0740829114430763
1674138600,170.36,171.97,167.31,167.65,167.54130632302204,167.4612716950912,0,0,NaN,NaN,NaN,NaN,NaN,NaN,NaN,NaN,NaN,NaN,NaN,45293160,41974099.7,1.4199341623803052,1.232077273704686,-1.232077273704686,2.3034622123279367
1674225000,170.11,178.56,168.25,178.39,167.649253523788,167.51801526031417,0,0,NaN,NaN,NaN,NaN,NaN,NaN,NaN,NaN,NaN,NaN,NaN,56496712,42782636.35,1.683499375859167,1.2654720698950168,-1.2654720698950168,5.294306880283516
1674484200,180.64,192.45,178.175,191.93,167.890852991213,167.6198459542414,0,0,NaN,NaN,NaN,NaN,NaN,NaN,NaN,NaN,NaN,NaN,NaN,65516259,44433322.4,2.079980852942159,1.3234709279640315,-1.3234709279640315,8.932868693614209
1674570600,188.27,194.95,188.2,192.65,168.13721266294223,167.751767885045,0,0,NaN,NaN,NaN,NaN,NaN,NaN,NaN,NaN,NaN,NaN,NaN,49620410,44089116.55,2.0306620877851036,1.3817729138546702,-1.3817729138546702,5.787975839464362
1674657000,189.125,193.7,185.8,193.23,168.38689213893286,167.92110352797988,0,0,NaN,NaN,NaN,NaN,NaN,NaN,NaN,NaN,NaN,NaN,NaN,44953711,44590173.95,1.9468470308296217,1.435286685276941,-1.435286685276941,2.3439900775745093
1674743400,197.01,201.66,192.78,198.02,168.68174893357036,168.14919205008954,0,0,NaN,NaN,NaN,NaN,NaN,NaN,NaN,NaN,NaN,NaN,NaN,48953542,44713339.75,1.9994413484936393,1.4896014599621121,-1.4896014599621121,1.496937386617214
1674829800,194.62,206.28,194.05,203.65,169.02969173025124,168.4252796913822,0,0,NaN,NaN,NaN,NaN,NaN,NaN,NaN,NaN,NaN,NaN,NaN,54214198,45668717.4,2.0816815806031665,1.5443247739341541,-1.5443247739341541,2.5181173435551574
1675089000,199.5,201.4,191.5,191.62,169.2544709170149,168.69800327654258,0,0,NaN,NaN,NaN,NaN,NaN,NaN,NaN,NaN,NaN,NaN,NaN,48861115,46337156.95,1.4568112678791503,1.5695473729072156,-1.5695473729072156,1.3229753865939229
1675175400,191.695,196.87,189.5,195.37,169.51432692779088,168.97342612951232,0,0,NaN,NaN,NaN,NaN,NaN,NaN,NaN,NaN,NaN,NaN,NaN,49801658,47274790.7,1.3378907561910682,1.5777272205992354,-1.5777272205992354,0.8709692757143207
1675261800,196.91,211.92,196.11,209.43,169.91149780413127,169.278347262552,0,0,NaN,NaN,NaN,NaN,NaN,NaN,NaN,NaN,NaN,NaN,NaN,66047704,48570793,1.6098709894762167,1.5899589862475572,-1.5899589862475572,5.203351831273903
1675348200,210,219.49,207,217.09,170.38093563692598,169.6181846032231,0,0,NaN,NaN,NaN,NaN,NaN,NaN,NaN,NaN,NaN,NaN,NaN,56427580,49235554,1.736366758294074,1.5800859718782918,-1.5800859718782918,4.45997028639699
1675434600,210,217.4499,207.89,211,170.78510543158345,169.96926734348955,0,0,NaN,NaN,NaN,NaN,NaN,NaN,NaN,NaN,NaN,NaN,NaN,42936595,49436543.2,1.4117418415366183,1.5489043114332015,-1.5489043114332015,-0.005578721782127408
1675693800,208.06,215.7,207.86,210.89,171.18415910888112,170.35520498186278,0,0,NaN,NaN,NaN,NaN,NaN,NaN,NaN,NaN,NaN,NaN,NaN,45219709,49672310.55,1.2556971859590804,1.5262109244154696,-1.5262109244154696,-1.9022723185019583
1675780200,213.82,222.59,211.5,221.73,171.68710279934,170.7897601561726,0,0,NaN,NaN,NaN,NaN,NaN,NaN,NaN,NaN,NaN,NaN,NaN,66414961,50471905.8,1.4805647958201829,1.5177583395844247,-1.5177583395844247,3.3580019254793294
1675866600,223.87,228.78,220.0801,222.05,172.18822615457046,171.24510582626044,0,0,NaN,NaN,NaN,NaN,NaN,NaN,NaN,NaN,NaN,NaN,NaN,55965122,51349655.6,1.4014698662158678,1.5080971278068895,-1.5080971278068895,2.9694041794352937
1675953000,226.06,230.2,221.2,223.37,172.69749753611703,171.70841820609866,0,0,NaN,NaN,NaN,NaN,NaN,NaN,NaN,NaN,NaN,NaN,NaN,52387578,52202609.85,1.3415015581957803,1.5131877066295263,-1.5131877066295263,1.593679552607059
1676039400,216.9,220.7764,208.11,212.65,173.0950348740661,172.1704040945952,0,0,NaN,NaN,NaN,NaN,NaN,NaN,NaN,NaN,NaN,NaN,NaN,55073675,52199248.3,0.8264073340968292,1.504173364919603,-1.504173364919603,1.4914837440939759
1676298600,215.38,220.48,209.62,217.88,173.54065641760772,172.6417035563405,0,0,NaN,NaN,NaN,NaN,NaN,NaN,NaN,NaN,NaN,NaN,NaN,47491862,52337406.1,0.7983428140899957,1.5074201771413387,-1.5074201771413387,-0.8020519856816314
1676385000,215.78,230.488,213.66,229.71,174.09955535872606,173.12419406821772,0,0,NaN,NaN,NaN,NaN,NaN,NaN,NaN,NaN,NaN,NaN,NaN,67547350,53159262.8,1.024913275270712,1.521286057423195,-1.521286057423195,3.5648009223260244
1676471400,225.49,228.55,221.06,227.64,174.6322961014253,173.61300805758867,0,0,NaN,NaN,NaN,NaN,NaN,NaN,NaN,NaN,NaN,NaN,NaN,42118826,53067086.35,0.8657810002050137,1.5284052433168025,-1.5284052433168025,-1.3060277148121007
1676557800,221.33,225.5,219.268,220.02,175.08391504568974,174.0902915595032,0,0,NaN,NaN,NaN,NaN,NaN,NaN,NaN,NaN,NaN,NaN,NaN,41202628,52862559.75,0.49772864276572765,1.5243264834323647,-1.5243264834323647,-4.412355429665256
1676644200,216.31,217.4,209.75,213.88,175.46994574175253,174.56527373304053,0,0,NaN,NaN,NaN,NaN,NaN,NaN,NaN,NaN,NaN,NaN,NaN,46588764,52367162.35,0.12920607570408152,1.5067830847932926,-1.5067830847932926,-4.268205179472381
1676989800,210,214.938,206.18,206.55,175.77920001297886,175.01298245211473,0,1,NaN,NaN,NaN,NaN,NaN,NaN,NaN,NaN,NaN,NaN,NaN,41001455,51141422.15,-0.3217976619851099,1.4793649901297674,-1.4793649901297674,-5.775120841853688
1677076200,207.07,211.04,204.21,207.54,176.09522787354624,175.41211695507877,0,0,NaN,NaN,NaN,NaN,NaN,NaN,NaN,NaN,NaN,NaN,NaN,51318432,51226323.25,-0.4822936769512445,1.433540711734429,-1.433540711734429,-2.906862216946103
1677162600,234.4,238.88,230.25,236.64,176.69766341709303,175.8251904182123,1,0,NaN,NaN,NaN,NaN,NaN,NaN,NaN,NaN,NaN,NaN,NaN,111799541,54568614.75,0.342838065239613,1.3900306777413212,-1.3900306777413212,14.207468026137732
1677249000,232.25,234.74,229.47,232.86,177.25649263682345,176.25970593643905,0,0,NaN,NaN,NaN,NaN,NaN,NaN,NaN,NaN,NaN,NaN,NaN,58971591,55069517.2,0.3205951770592291,1.3622217201118016,-1.3622217201118016,9.160185121860561
1677508200,236.7,238.7994,234.54,235.01,177.83115440163118,176.73194766841476,0,0,NaN,NaN,NaN,NaN,NaN,NaN,NaN,NaN,NaN,NaN,NaN,45299367,54623775.65,0.4944075787713875,1.3236535660668511,-1.3236535660668511,2.4844595764223154
1677594600,233.72,238.25,232.06,232.16,178.37173992997316,177.25045565181364,0,0,NaN,NaN,NaN,NaN,NaN,NaN,NaN,NaN,NaN,NaN,NaN,45596280,54460533.9,0.5122108336373006,1.2607538802403382,-1.2607538802403382,-1.520347723658795
1677681000,231.92,232.5557,225.08,226.98,178.8554042092769,177.80249091895976,0,0,NaN,NaN,NaN,NaN,NaN,NaN,NaN,NaN,NaN,NaN,NaN,46002562,54270579.1,0.39979683573942315,1.1962233513625493,-1.1962233513625493,-3.665723237957309
1677767400,224.88,233.804,224.32,233.14,179.3955494410254,178.34206812374623,0,0,NaN,NaN,NaN,NaN,NaN,NaN,NaN,NaN,NaN,NaN,NaN,39007465,52918567.15,0.5967997651972818,1.1373603519890367,-1.1373603519890367,-6.907258940254663
1677853800,233.2,239,231.3,238.9,179.9876335261893,178.8882963016194,0,0,NaN,NaN,NaN,NaN,NaN,NaN,NaN,NaN,NaN,NaN,NaN,41239330,52159154.65,0.7762457728891371,1.0760019712022433,-1.0760019712022433,-7.757242649338149
1678113000,238.91,242.48,234.87,235.54,180.54039339160036,179.43014409961322,0,0,NaN,NaN,NaN,NaN,NaN,NaN,NaN,NaN,NaN,NaN,NaN,43742923,52199471.05,0.6530265035059679,1.0007507474298796,-1.0007507474298796,-6.98442228278343
1678199400,236,241.25,232.41,232.88,181.06118549715657,179.96803321304992,0,0,NaN,NaN,NaN,NaN,NaN,NaN,NaN,NaN,NaN,NaN,NaN,51515388,52514255,0.4965249024321847,0.9625339343743098,-0.9625339343743098,-3.564079441721318
1678285800,234.87,242,234.235,241.81,181.66565131310526,180.53008263381557,0,0,NaN,NaN,NaN,NaN,NaN,NaN,NaN,NaN,NaN,NaN,NaN,51357339,51761373.9,0.6836477943283716,0.9346488538855807,-0.9346488538855807,-1.5638421898229606
1678372200,241.75,244.54,233.8284,234.36,182.18997319058678,181.08896738372783,0,0,NaN,NaN,NaN,NaN,NaN,NaN,NaN,NaN,NaN,NaN,NaN,50125699,51469402.75,0.3840660522766057,0.8807958703694051,-0.8807958703694051,-0.7728243856363775
1678458600,234.09,236.27,227.26,229.65,182.66221226331726,181.62388313115343,0,0,NaN,NaN,NaN,NaN,NaN,NaN,NaN,NaN,NaN,NaN,NaN,47486565,51224352.1,0.12113494139287506,0.8098083300686041,-0.8098083300686041,-1.114363633781629
1678714200,227.52,232.98,222.97,229.66,183.12985194228924,182.1417748412912,0,0,NaN,NaN,NaN,NaN,NaN,NaN,NaN,NaN,NaN,NaN,NaN,42189032,50580119.95,-0.0036541343489094463,0.7589924007989848,-0.7589924007989848,-2.9409670796820055
1678800600,234.96,242.19,234.6,240.63,183.70199271898286,182.66993628565646,0,0,NaN,NaN,NaN,NaN,NaN,NaN,NaN,NaN,NaN,NaN,NaN,47491013,50580077.5,0.24972461801637613,0.7179783722030363,-0.7179783722030363,-2.0655946279863158
1678887000,237.61,242.86,233.6,242.28,184.2848584630726,183.19377771564993,0,0,NaN,NaN,NaN,NaN,NaN,NaN,NaN,NaN,NaN,NaN,NaN,52448574,49825138.7,0.29489680827304987,0.6567256835754368,-0.6567256835754368,0.10997829324575077
1678973400,240.27,255.88,238.94,255.41,184.9925713141863,183.75429734036985,0,0,NaN,NaN,NaN,NaN,NaN,NaN,NaN,NaN,NaN,NaN,NaN,58494626,50643928.7,0.7167051832853393,0.6109587259554461,-0.6109587259554461,3.042290017807036
1679059800,259.82,263.99,256.68,257.25,185.7115507040949,184.36416502852535,0,0,NaN,NaN,NaN,NaN,NaN,NaN,NaN,NaN,NaN,NaN,NaN,84854656,52826530.1,0.8738106355507509,0.5760445370520392,-0.5760445370520392,11.014388745229663
1679319000,256.15,260.24,251.2983,259,186.4407890055467,185.02635244117684,0,0,NaN,NaN,NaN,NaN,NaN,NaN,NaN,NaN,NaN,NaN,NaN,43274719,52660827.85,1.0157685379819819,0.588031269834946,-0.588031269834946,3.9305240638502683
1679405400,261.8,263.92,253.81,261.99,187.19252244827757,185.72445838703578,0,0,NaN,NaN,NaN,NaN,NaN,NaN,NaN,NaN,NaN,NaN,NaN,54740776,53347793.9,1.1616157880258335,0.6117685623754859,-0.6117685623754859,2.757214580509269
1679491800,264.25,275.89,262.37,264.68,187.96354212540913,186.4601951195031,0,0,NaN,NaN,NaN,NaN,NaN,NaN,NaN,NaN,NaN,NaN,NaN,79729511,54768347.85,1.2587540303899953,0.6289843824761038,-0.6289843824761038,8.223895012559874
1679578200,271.155,274.99,266.9,271.91,188.79883026346477,187.2214469093588,0,0,NaN,NaN,NaN,NaN,NaN,NaN,NaN,NaN,NaN,NaN,NaN,56488876,52002814.6,1.4388364314872621,0.6696628217612246,-0.6696628217612246,4.888294033284326
1679664600,270.31,271.67,263.55,267.79,189.584812051888,187.99609917891743,0,0,NaN,NaN,NaN,NaN,NaN,NaN,NaN,NaN,NaN,NaN,NaN,45541407,51331305.4,1.271122065555576,0.7093440596760645,-0.7093440596760645,-0.10117612237021785
1679923800,268.37,270,263.65,265.31,190.33829650908316,188.77560067962474,0,0,NaN,NaN,NaN,NaN,NaN,NaN,NaN,NaN,NaN,NaN,NaN,36102574,50871465.75,1.0732614450001443,0.7406597273854697,-0.7406597273854697,-5.8558071403527565
1680010200,264.47,265.13,258.5,264.1,191.07224380750026,189.55154495146928,0,0,NaN,NaN,NaN,NaN,NaN,NaN,NaN,NaN,NaN,NaN,NaN,35610378,50372170.65,0.8628383625913103,0.7577692814826456,-0.7577692814826456,-9.323339989527105
1680096600,268.25,270.78,265.97,269.84,191.85600257558482,190.33003704150443,0,0,NaN,NaN,NaN,NaN,NaN,NaN,NaN,NaN,NaN,NaN,NaN,39369387,50040511.9,0.834895854350731,0.7699298928020137,-0.7699298928020137,-9.65626701208032
1680183000,272.29,274.99,271.02,273.83,192.6716642414994,191.10460383711134,0,0,NaN,NaN,NaN,NaN,NaN,NaN,NaN,NaN,NaN,NaN,NaN,36451574,49912717.35,0.7939831478766058,0.7831391267428238,-0.7831391267428238,-10.430153673746053
1680269400,271.4,278.3431,271.05,277.77,193.5184138510367,191.8913241969411,0,0,NaN,NaN,NaN,NaN,NaN,NaN,NaN,NaN,NaN,NaN,NaN,43393277,50020414.7,0.7884130912854949,0.7962784997937474,-0.7962784997937474,-7.745317554594475
1680528600,275.09,280,273.36,279.65,194.3754445589866,192.6987538069218,0,0,NaN,NaN,NaN,NaN,NaN,NaN,NaN,NaN,NaN,NaN,NaN,39871560,49826846.55,0.7629334263360434,0.8047139812360362,-0.8047139812360362,-7.094143370470394
1680615000,279.66,280,273.07,274.53,195.1730023245688,193.5189055103355,0,0,NaN,NaN,NaN,NaN,NaN,NaN,NaN,NaN,NaN,NaN,NaN,36859153,49094034.8,0.558650404675104,0.8059490089693524,-0.8059490089693524,-7.475237011750904
1680701400,268.29,269.98,263.95,268.81,195.90570876910047,194.32884674903863,0,0,NaN,NaN,NaN,NaN,NaN,NaN,NaN,NaN,NaN,NaN,NaN,51501474,49101241.55,0.30645893794430945,0.8043114992898145,-0.8043114992898145,-1.8666949380161153
1680787800,265.84,270.8,264.27,270.37,196.64664699030345,195.12384329879941,0,0,NaN,NaN,NaN,NaN,NaN,NaN,NaN,NaN,NaN,NaN,NaN,39765434,48583228.3,0.23491725588016038,0.7967920896850436,-0.7967920896850436,-2.8946651308318136
1681133400,268.23,276.2099,266.69,275.79,197.43414304015118,195.90698913662234,0,0,NaN,NaN,NaN,NaN,NaN,NaN,NaN,NaN,NaN,NaN,NaN,39527855,48185292.8,0.2890854906737239,0.7836569090005211,-0.7836569090005211,-3.4003011614979584
1681219800,277.235,277.9,271.26,271.69,198.17300728850788,196.66650168252662,0,0,NaN,NaN,NaN,NaN,NaN,NaN,NaN,NaN,NaN,NaN,NaN,31437817,47647732.05,0.11282981549090262,0.7730262797237558,-0.7730262797237558,-6.623964033929134
1681306200,273.7,274.6799,264.475,264.95,198.83745497717945,197.39939221304874,0,0,NaN,NaN,NaN,NaN,NaN,NaN,NaN,NaN,NaN,NaN,NaN,44625895,47504476.15,-0.15601316522843317,0.7672559900731453,-0.7672559900731453,-2.935941136957
1681392600,267.34,268.869,263.29,264.63,199.49210716646124,198.11667189252088,0,0,NaN,NaN,NaN,NaN,NaN,NaN,NaN,NaN,NaN,NaN,NaN,35361528,46650123.85,-0.2563253387354907,0.7567132146372462,-0.7567132146372462,-4.306974287669981
1681479000,265.04,268.83,262.2,267.58,200.16959863744174,198.82126222194853,0,0,NaN,NaN,NaN,NaN,NaN,NaN,NaN,NaN,NaN,NaN,NaN,39566013,45703693.2,-0.23596516860323719,0.7542823094425188,-0.7542823094425188,-3.1829497776964653
1681738200,265.655,270.06,264.3318,270.02,200.86462750672092,199.5073591152625,0,0,NaN,NaN,NaN,NaN,NaN,NaN,NaN,NaN,NaN,NaN,NaN,32147130,43068316.9,-0.1845103063064431,0.7547957455512196,-0.7547957455512196,-5.358808120531415
1681824600,275.335,281.1,273.57,276.67,201.61890982008688,200.19653962157832,0,0,NaN,NaN,NaN,NaN,NaN,NaN,NaN,NaN,NaN,NaN,NaN,60481154,43928638.65,0.024654093008226685,0.7548114972404635,-0.7548114972404635,4.467543265150229
1681911000,273.61,280,272.32,279.31,202.39195549351885,200.9074397248462,0,0,NaN,NaN,NaN,NaN,NaN,NaN,NaN,NaN,NaN,NaN,NaN,35866041,42984901.9,0.1731010108989895,0.7539525577724525,-0.7539525577724525,0.5690581244081168
1681997400,276.71,280.3,270,271.04,203.07502061298632,201.6240224141512,0,0,NaN,NaN,NaN,NaN,NaN,NaN,NaN,NaN,NaN,NaN,NaN,42771326,41136992.65,0.021608872880479135,0.7516545562995841,-0.7516545562995841,0.8536778778196447
1682083800,269.52,271.83,267.22,271.19,203.75278160191183,202.34065900704522,0,0,NaN,NaN,NaN,NaN,NaN,NaN,NaN,NaN,NaN,NaN,NaN,34510277,40038062.7,0.051092274801740625,0.7379311187622991,-0.7379311187622991,-2.108864473137356
1682343000,270.13,273.6599,266.7101,270.42,204.416137008858,203.05096090747264,0,0,NaN,NaN,NaN,NaN,NaN,NaN,NaN,NaN,NaN,NaN,NaN,33928186,39457401.65,0.03710855434211251,0.7169767198158729,-0.7169767198158729,-3.9451863185720133
1682429400,270.78,272.47,262.25,262.41,204.99319037195392,203.72581701784605,0,0,NaN,NaN,NaN,NaN,NaN,NaN,NaN,NaN,NaN,NaN,NaN,37852716,39544908.75,-0.21595955701687275,0.6889482774914555,-0.6889482774914555,-3.1770610388934206
1682515800,270.02,273.3,267.051,269.56,205.63564618914842,204.37455515697195,0,0,NaN,NaN,NaN,NaN,NaN,NaN,NaN,NaN,NaN,NaN,NaN,40633681,39796073.9,-0.07822258051729775,0.6487838086627314,-0.6487838086627314,-1.4592236354483705
1682602200,273.63,274.95,266.2501,272.26,206.29857508278874,205.01926605093246,0,0,NaN,NaN,NaN,NaN,NaN,NaN,NaN,NaN,NaN,NaN,NaN,37716119,39713410.5,-0.023576851114687422,0.5979667187547621,-0.5979667187547621,-1.5841966581438354
1682688600,272.25,277.58,270.7148,277.49,207.00694747002467,205.670099224555,0,0,NaN,NaN,NaN,NaN,NaN,NaN,NaN,NaN,NaN,NaN,NaN,29221614,39351912.5,0.12750920863922666,0.5247899861914754,-0.5247899861914754,-5.083197660704952
1682947800,278.4,290.5844,277.8,289.1,207.82379376385526,206.35163057555445,0,0,NaN,NaN,NaN,NaN,NaN,NaN,NaN,NaN,NaN,NaN,NaN,57032853,40033891.3,0.48615278919155136,0.4692848375589254,-0.4692848375589254,4.267891161060774
1683034200,286.8,288.3599,280.83,282.1,208.56286049257312,207.06556459967834,0,0,NaN,NaN,NaN,NaN,NaN,NaN,NaN,NaN,NaN,NaN,NaN,40272957,40053961.15,0.3971252774909125,0.4248070068050249,-0.4248070068050249,2.6499666344661077
1683120600,278.4,283.67,274.72,278.02,209.25397630856742,207.7892306235621,0,0,NaN,NaN,NaN,NaN,NaN,NaN,NaN,NaN,NaN,NaN,NaN,38338740,40127940.5,0.32897431573829544,0.3937135449141844,-0.3937135449141844,0.8909266372910801
1683207000,276.51,278.59,272.4,275.62,209.9143347532583,208.51238255765603,0,0,NaN,NaN,NaN,NaN,NaN,NaN,NaN,NaN,NaN,NaN,NaN,32185041,39162118.85,0.2570768313035955,0.3602386040281301,-0.3602386040281301,-2.545578488349225
1683293400,278.255,287.55,277.31,286.8,210.67936624825074,209.24686631330124,0,0,NaN,NaN,NaN,NaN,NaN,NaN,NaN,NaN,NaN,NaN,NaN,36149408,38981317.55,0.519301545987103,0.3396210330563141,-0.3396210330563141,-2.7711604825095493
1683552600,285.22,292.2,283.5,291.51,211.48365116120348,209.9788377927709,0,0,NaN,NaN,NaN,NaN,NaN,NaN,NaN,NaN,NaN,NaN,NaN,34497890,38729819.3,0.6426634509427059,0.3271074600814348,-0.3271074600814348,-3.423787921136835
1683639000,288.99,289.73,284.5,285.71,212.2222217964154,210.71071005353934,0,0,NaN,NaN,NaN,NaN,NaN,NaN,NaN,NaN,NaN,NaN,NaN,31486946,38732275.75,0.48385666653013604,0.3050922563257211,-0.3050922563257211,-4.902113141572703
1683725400,290.05,291.13,284.6128,288.85,212.98468725117743,211.45685224206136,0,0,NaN,NaN,NaN,NaN,NaN,NaN,NaN,NaN,NaN,NaN,NaN,36934998,38347730.9,0.5187881521334115,0.3022636593372302,-0.3022636593372302,-3.087127282367508
1683811800,288.96,289.5,282.46,285.78,213.70901872131498,212.21578903567266,0,0,NaN,NaN,NaN,NaN,NaN,NaN,NaN,NaN,NaN,NaN,NaN,32214903,38190399.65,0.38910141226929296,0.3060435147022288,-0.3060435147022288,-3.956135091344754
1683898200,285.29,287.8,280.46,283.4,214.4024613211029,212.96040805024307,0,0,NaN,NaN,NaN,NaN,NaN,NaN,NaN,NaN,NaN,NaN,NaN,27422225,37583210.25,0.2526902924975515,0.30660933378451266,-0.30660933378451266,-6.456182017785772
1684157400,285.085,289.69,281.52,289.53,215.14999901940038,213.6936776218825,0,0,NaN,NaN,NaN,NaN,NaN,NaN,NaN,NaN,NaN,NaN,NaN,29392587,37445483.1,0.33427231356513143,0.308441219540624,-0.308441219540624,-6.633382585080365
1684243800,288.41,298.7,288.32,292.13,215.91596917841133,214.43242709828164,0,0,NaN,NaN,NaN,NaN,NaN,NaN,NaN,NaN,NaN,NaN,NaN,44940494,36668450.1,0.3581683440496165,0.315845129340835,-0.315845129340835,0.77310085306843
1684330200,295.84,301.99,294.3001,301.78,216.7703376442978,215.18955717690574,0,0,NaN,NaN,NaN,NaN,NaN,NaN,NaN,NaN,NaN,NaN,NaN,43253541,37037825.1,0.5826281204366526,0.33520555259167,-0.33520555259167,3.685021652497318
1684416600,304.1,318.28,303.2,316.78,217.76545866276248,216.00084516519524,0,0,NaN,NaN,NaN,NaN,NaN,NaN,NaN,NaN,NaN,NaN,NaN,74872501,38642883.85,0.9798407101985034,0.38488721466380854,-0.38488721466380854,15.2046463422932
1684503000,315.36,315.8,309.16,312.64,218.70948394970017,216.86224969091467,0,0,NaN,NaN,NaN,NaN,NaN,NaN,NaN,NaN,NaN,NaN,NaN,47390765,39286908.25,0.9628962512866392,0.4277823666417083,-0.4277823666417083,11.210492396849025
1684762200,309.01,315.2,306.8,311.76,219.63535973129518,217.75932183329365,0,0,NaN,NaN,NaN,NaN,NaN,NaN,NaN,NaN,NaN,NaN,NaN,37199967,39450497.3,0.9733531934261502,0.46854311290463385,-0.46854311290463385,5.153780673779055
1684848600,310,312.88,306.31,306.88,220.50346560461563,218.67682111853452,0,0,NaN,NaN,NaN,NaN,NaN,NaN,NaN,NaN,NaN,NaN,NaN,35625326,39339127.8,0.8329075766283479,0.4972501753910987,-0.4972501753910987,0.8237593068570969
1684935000,302.1,306.07,298.06,305.38,221.34800823541548,219.592355236758,0,0,NaN,NaN,NaN,NaN,NaN,NaN,NaN,NaN,NaN,NaN,NaN,72141851,40914536.3,0.7085302120086253,0.5158873723795416,-0.5158873723795416,10.215343004441765
1685021400,385.23,394.8,366.35,379.8,222.92464496939144,220.6241924980838,0,0,NaN,NaN,NaN,NaN,NaN,NaN,NaN,NaN,NaN,NaN,NaN,154391067,46748283.7,2.1219446274423395,0.6680022929020809,-0.6680022929020809,29.128668527693044
1685107800,378.9,391.7,375.5,389.46,224.58171317865123,221.79863834387407,0,0,NaN,NaN,NaN,NaN,NaN,NaN,NaN,NaN,NaN,NaN,NaN,71439676,48859186.8,2.4733348469265173,0.8311546529386102,-0.8311546529386102,20.22252311339822
1685453400,405.95,419.38,399.49,401.11,226.3382135450328,223.13920910662154,0,0,NaN,NaN,NaN,NaN,NaN,NaN,NaN,NaN,NaN,NaN,NaN,92340110,50624549.65,2.8337286123217935,1.0059640596169106,-1.0059640596169106,17.836340201323335
1685539800,394.88,402.95,378.22,378.34,227.8506691316494,224.60864981202832,0,1,NaN,NaN,NaN,NaN,NaN,NaN,NaN,NaN,NaN,NaN,NaN,100258020,53623802.8,2.4460733705557014,1.1177786656560982,-1.1177786656560982,16.62522092274398
1685626200,384.89,400.5,383.4,397.7,229.5407122248668,226.24719060991862,0,0,NaN,NaN,NaN,NaN,NaN,NaN,NaN,NaN,NaN,NaN,NaN,63587295,54886230.55,2.7051930828611632,1.2417355512081514,-1.2417355512081514,8.68620597656258
1685712600,400.97,405,390.5801,393.27,231.16985936690793,227.89623348942192,0,0,NaN,NaN,NaN,NaN,NaN,NaN,NaN,NaN,NaN,NaN,NaN,48273121,55690634.55,2.4631677223737016,1.335879019058095,-1.335879019058095,0.4535123519872055
1685971800,389.09,395.6503,387.07,391.71,232.76727370156556,229.53334559400477,0,0,NaN,NaN,NaN,NaN,NaN,NaN,NaN,NaN,NaN,NaN,NaN,39609381,55863633.2,2.163925214845567,1.4040033130466194,-1.4040033130466194,-6.804112048334087
1686058200,388.3,391.6,381.48,386.54,234.29735058015694,231.12517300102962,0,0,NaN,NaN,NaN,NaN,NaN,NaN,NaN,NaN,NaN,NaN,NaN,38872914,56082384.4,1.7186640615943034,1.4421940812293494,-1.4421940812293494,-11.364252336972463
1686144600,389.15,394.99,373.56,374.75,235.6948893803544,232.6940170507706,0,0,NaN,NaN,NaN,NaN,NaN,NaN,NaN,NaN,NaN,NaN,NaN,51199789,57068026.55,1.0836229115992508,1.4562228445790126,-1.4562228445790126,-10.01107074461341
1686231000,377.24,388.64,375.05,385.1,237.18150739647027,234.22217608509132,0,0,NaN,NaN,NaN,NaN,NaN,NaN,NaN,NaN,NaN,NaN,NaN,41777240,57310138.65,0.8744310260941696,1.4652102899696742,-1.4652102899696742,-11.545303518905511
1686317400,390.37,397.11,385.67,387.7,238.67920384028648,235.72404497976703,0,0,NaN,NaN,NaN,NaN,NaN,NaN,NaN,NaN,NaN,NaN,NaN,42771747,57837980.85,0.6057977996416037,1.4693118433155423,-1.4693118433155423,-11.58930804071551
1686576600,392,395.2999,386.18,394.82,240.23284360306968,237.21715896006785,0,0,NaN,NaN,NaN,NaN,NaN,NaN,NaN,NaN,NaN,NaN,NaN,38967335,58415236.35,0.5104550479154135,1.4691878379970433,-1.4691878379970433,-12.32203052733928
1686663000,401.86,411.01,397.4,410.22,241.92425809458143,238.74254046295272,1,0,NaN,NaN,NaN,NaN,NaN,NaN,NaN,NaN,NaN,NaN,NaN,61320816,60011647.8,0.6716008543095159,1.469705466810168,-1.469705466810168,-4.751449911689134
1686749400,408.24,430,405.52,429.97,243.79536000408808,240.36263458769946,0,0,NaN,NaN,NaN,NaN,NaN,NaN,NaN,NaN,NaN,NaN,NaN,74046502,61466948.2,1.0157597577106632,1.4805202408738776,-1.4805202408738776,2.8753216432749893
1686835800,426.02,432.89,421.47,426.53,245.61361512842552,242.0490561340905,0,0,NaN,NaN,NaN,NaN,NaN,NaN,NaN,NaN,NaN,NaN,NaN,56862204,62147381.35,1.032371411254391,1.491243161592535,-1.491243161592535,2.0548809449932737
1686922200,434.5,437.21,426.605,426.92,247.41765875898847,243.7967471178309,0,0,NaN,NaN,NaN,NaN,NaN,NaN,NaN,NaN,NaN,NaN,NaN,65570941,61682303.35,1.0913763936543817,1.5051226753791012,-1.5051226753791012,3.714348435720618
1687267800,429.98,439.9,426.74,438.08,249.31479648277963,245.6131376937729,0,0,NaN,NaN,NaN,NaN,NaN,NaN,NaN,NaN,NaN,NaN,NaN,45115311,61568530.65,1.3033909327834499,1.5266935807587347,-1.5266935807587347,-0.9471001876636909
1687354200,435.01,436.15,420.8,430.45,251.1171368162843,247.45171343811347,0,0,NaN,NaN,NaN,NaN,NaN,NaN,NaN,NaN,NaN,NaN,NaN,55160291,62466546.85,1.1599880362413142,1.5427723941379685,-1.5427723941379685,-0.7887819621087826
1687440600,422.53,434.255,422.34,430.25,252.899553365376,249.27255211037104,0,0,NaN,NaN,NaN,NaN,NaN,NaN,NaN,NaN,NaN,NaN,NaN,41773743,62773967.7,1.0635350066883902,1.5557183376257724,-1.5557183376257724,-4.503627158722284
1687527000,424.64,428.09,420.15,422.09,254.58304039656628,251.0664371639992,0,0,NaN,NaN,NaN,NaN,NaN,NaN,NaN,NaN,NaN,NaN,NaN,35813984,60957574.35,0.770641293427113,1.5589858386404782,-1.5589858386404782,-8.436308269624998
1687786200,424.61,427.64,401,406.32,256.0928608901328,252.80147759022807,0,1,NaN,NaN,NaN,NaN,NaN,NaN,NaN,NaN,NaN,NaN,NaN,59432192,56209630.6,0.26745038306203667,1.5475446748585528,-1.5475446748585528,-2.6618344947684243
1687872600,407.99,419.4,404.48,418.76,257.7114393887384,254.48080617141983,0,0,NaN,NaN,NaN,NaN,NaN,NaN,NaN,NaN,NaN,NaN,NaN,46217470,54948520.3,0.24428311698516356,1.5362925251081414,-1.5362925251081414,-3.444079660973703
1687959000,406.6,418.45,405.18,411.17,259.2383902405918,256.1050568562813,0,0,NaN,NaN,NaN,NaN,NaN,NaN,NaN,NaN,NaN,NaN,NaN,58263927,53244711.15,-0.0764641476760621,1.5239855431637883,-1.5239855431637883,-0.03208663502974744
1688045400,415.58,416,406,408.22,260.72079431779986,257.6693050467661,0,0,NaN,NaN,NaN,NaN,NaN,NaN,NaN,NaN,NaN,NaN,NaN,38051430,50134381.65,-0.2895781922127627,1.515960670894941,-1.515960670894941,-4.311375620743852
1688131800,416.8,425.5,415.01,423.02,262.3357117872745,259.21983932490775,0,0,NaN,NaN,NaN,NaN,NaN,NaN,NaN,NaN,NaN,NaN,NaN,50114775,49460755.65,-0.1235098278830461,1.5095252036155036,-1.5095252036155036,-2.68650489969312
1688391000,425.17,428.98,422.02,424.13,263.9456052023265,260.79038818734654,0,0,NaN,NaN,NaN,NaN,NaN,NaN,NaN,NaN,NaN,NaN,NaN,19820919,48038145.55,-0.09951700210880668,1.4487775970180932,-1.4487775970180932,-12.226354276357489
1688563800,421.35,431.77,420.85,423.17,265.52992753862173,262.35408581732315,0,0,NaN,NaN,NaN,NaN,NaN,NaN,NaN,NaN,NaN,NaN,NaN,32361756,47675764.3,-0.07104241515816113,1.3617866925516418,-1.3617866925516418,-12.836660650712332
1688650200,418.44,421.79,413.46,421.03,267.0771919412225,263.9218461574493,0,0,NaN,NaN,NaN,NaN,NaN,NaN,NaN,NaN,NaN,NaN,NaN,30413879,47252812.55,-0.04988089998816456,1.2382898716562438,-1.2382898716562438,-13.427562409328273
1688736600,423.22,432.14,421.8,425.03,268.64886167315063,265.5074596285195,0,0,NaN,NaN,NaN,NaN,NaN,NaN,NaN,NaN,NaN,NaN,NaN,35588147,46472230.45,0.07742167918009428,1.1376601309429148,-1.1376601309429148,-10.816245200757345
1688995800,426.57,428.11,416.49,421.8,270.1727535968009,267.0748679904247,0,0,NaN,NaN,NaN,NaN,NaN,NaN,NaN,NaN,NaN,NaN,NaN,35390811,46152909,0.07293367696058112,1.0008798937754992,-1.0008798937754992,-8.818619241092456
1689082200,424.81,427.58,420.67,424.05,271.7038704764347,268.6265210452464,0,0,NaN,NaN,NaN,NaN,NaN,NaN,NaN,NaN,NaN,NaN,NaN,29824406,45505541.95,0.13771965089812127,0.8716830964932433,-0.8716830964932433,-9.677687621010191
1689168600,430.33,439.35,427.7728,439.02,273.3687075861219,270.1942770547464,1,0,NaN,NaN,NaN,NaN,NaN,NaN,NaN,NaN,NaN,NaN,NaN,48127702,45963560.3,0.417270684077118,0.7612444549853083,-0.7612444549853083,-1.7416521768925182
1689255000,445.18,461.55,444.92,459.77,275.2234468141207,271.82352802932604,0,0,NaN,NaN,NaN,NaN,NaN,NaN,NaN,NaN,NaN,NaN,NaN,47820369,45288537.95,0.8191485258825082,0.6986995393439625,-0.6986995393439625,2.2046661556434515
1689341400,465.8281,480.88,450.6,454.69,277.00918366174136,273.4955924270442,0,0,NaN,NaN,NaN,NaN,NaN,NaN,NaN,NaN,NaN,NaN,NaN,77207533,45446589.5,0.8251784751098433,0.684432817980798,-0.684432817980798,13.025162173218968
1689600600,462.89,464.96,452.6241,464.61,278.8758584511768,275.2362133979194,0,0,NaN,NaN,NaN,NaN,NaN,NaN,NaN,NaN,NaN,NaN,NaN,51048822,45155920.4,1.032145452262871,0.6931638095994115,-0.6931638095994115,9.769158890108649
1689687000,467.01,478.9599,457.34,474.94,280.8267454317621,277.06078838898486,0,0,NaN,NaN,NaN,NaN,NaN,NaN,NaN,NaN,NaN,NaN,NaN,57019042,44728325.45,1.2333338872108175,0.725700301136803,-0.725700301136803,9.078663439226187
1689773400,474.64,478.18,467.42,470.77,282.7167280642819,278.9303924846169,0,0,NaN,NaN,NaN,NaN,NaN,NaN,NaN,NaN,NaN,NaN,NaN,42750179,44610068.85,1.1778864254174954,0.7561183836408594,-0.7561183836408594,4.0700560701642265
1689859800,465.07,470.87,450.62,455.2,284.43297952632884,280.7722990270585,0,0,NaN,NaN,NaN,NaN,NaN,NaN,NaN,NaN,NaN,NaN,NaN,53786451,44541376.85,0.854352865804348,0.7634591374471975,-0.7634591374471975,4.335341602746222
1689946200,457.88,458.66,441,443.09,286.01165634696235,282.5727935641027,0,1,NaN,NaN,NaN,NaN,NaN,NaN,NaN,NaN,NaN,NaN,NaN,96376863,47271532.85,0.484278712434989,0.742280387716764,-0.742280387716764,14.781650471577857
1690205400,447.31,451.09,440.4,446.12,287.60477419425627,284.31857671271865,0,0,NaN,NaN,NaN,NaN,NaN,NaN,NaN,NaN,NaN,NaN,NaN,38309974,47396332.35,0.31644397090510024,0.7157890864122068,-0.7157890864122068,5.0419803068263525
1690291800,449.41,461.825,449.23,456.79,289.2882092769005,286.0108694817463,0,0,NaN,NaN,NaN,NaN,NaN,NaN,NaN,NaN,NaN,NaN,NaN,34808091,46165127.3,0.2970855875077779,0.6842808727225784,-0.6842808727225784,-2.2264034016274694
1690378200,460.21,460.53,446.3,454.52,290.9323066970308,287.65398520829604,0,0,NaN,NaN,NaN,NaN,NaN,NaN,NaN,NaN,NaN,NaN,NaN,36423726,45675440.1,0.12201553481201445,0.6331529889820529,-0.6331529889820529,-6.078370423471588
1690464600,465.19,473.95,457.5,459,292.6046220532793,289.28831371368614,0,0,NaN,NaN,NaN,NaN,NaN,NaN,NaN,NaN,NaN,NaN,NaN,45597552,45042121.35,0.09548309009971553,0.5894272631188584,-0.5894272631188584,-4.906821220003284
1690551000,466.68,470.27,463.81,467.5,294.34487457016206,290.9549573583261,0,0,NaN,NaN,NaN,NaN,NaN,NaN,NaN,NaN,NaN,NaN,NaN,33119424,44795521.05,0.19343569872201857,0.5510688930354566,-0.5510688930354566,-8.366773083564148
1690810200,467.54,471.3,465.0601,467.29,296.06572158936444,292.64714683734775,0,0,NaN,NaN,NaN,NaN,NaN,NaN,NaN,NaN,NaN,NaN,NaN,25105528,43545058.7,0.20670613739931862,0.5306887052081144,-0.5306887052081144,-13.360296869091579
1690896600,464.595,469,460.27,465.07,297.74735620041554,294.33897622205075,0,0,NaN,NaN,NaN,NaN,NaN,NaN,NaN,NaN,NaN,NaN,NaN,23927597,43750392.6,0.20012920085445463,0.5295010683849936,-0.5295010683849936,-16.578768859894556
1690983000,458.31,458.4,433.87,442.69,299.1895715616054,295.99042919496566,0,0,NaN,NaN,NaN,NaN,NaN,NaN,NaN,NaN,NaN,NaN,NaN,53014157,44783012.65,-0.17576681649795436,0.5284128790277192,-0.5284128790277192,-4.857477421489523
1691069400,438,451.18,438,445.15,300.6419141331317,297.59788761093614,0,0,NaN,NaN,NaN,NaN,NaN,NaN,NaN,NaN,NaN,NaN,NaN,32507660,44887701.7,-0.20085290769996533,0.529716882597139,-0.529716882597139,-6.601919076549494
1691155800,449.85,456.42,443.93,446.8,302.09622344523984,299.1481573859517,0,0,NaN,NaN,NaN,NaN,NaN,NaN,NaN,NaN,NaN,NaN,NaN,36266618,44921625.25,-0.23260109633399764,0.5285923621590212,-0.5285923621590212,-5.686802763745475
1691415000,451.11,455.4,445.6345,454.165,303.60934560001357,300.65688218808157,0,0,NaN,NaN,NaN,NaN,NaN,NaN,NaN,NaN,NaN,NaN,NaN,32215354,44762852.4,-0.151928796121436,0.5288884500470228,-0.5288884500470228,-6.574724038805102
1691501400,448.53,452.42,440.5601,446.64,305.0325361910582,302.11391818621007,0,0,NaN,NaN,NaN,NaN,NaN,NaN,NaN,NaN,NaN,NaN,NaN,35384343,45040849.25,-0.28926255197759854,0.5316707253590862,-0.5316707253590862,-5.3431616347899755
1691587800,442.74,443.12,421.34,425.54,306.23161543293827,303.5223269604767,0,0,NaN,NaN,NaN,NaN,NaN,NaN,NaN,NaN,NaN,NaN,NaN,58644907,45566709.5,-0.692173814685819,0.5492140409742503,-0.5492140409742503,4.672185038809313
1691674200,421.6,435.74,418.35,423.88,307.4022461251478,304.8743933588799,0,0,NaN,NaN,NaN,NaN,NaN,NaN,NaN,NaN,NaN,NaN,NaN,49270530,45639217.55,-0.7910904434975009,0.5714625991503235,-0.5714625991503235,5.907885673457332
1691760600,417.51,420.18,406.39,408.55,308.4086914373354,306.136886957299,0,0,NaN,NaN,NaN,NaN,NaN,NaN,NaN,NaN,NaN,NaN,NaN,53308526,44444267.2,-1.1263137069139069,0.6140627331361562,-0.6140627331361562,7.410081810857006
1692019800,404.86,438,403.11,437.53,309.6934805772624,307.35371395274876,1,0,NaN,NaN,NaN,NaN,NaN,NaN,NaN,NaN,NaN,NaN,NaN,69028583,45343255.25,-0.6645114467480412,0.6281108866208367,-0.6281108866208367,12.062834253113504
1692106200,445.6,452.68,437.1,439.4,310.984092710822,308.5440252567015,0,0,NaN,NaN,NaN,NaN,NaN,NaN,NaN,NaN,NaN,NaN,NaN,67651151,45874860.7,-0.5379023550535835,0.636661743427985,-0.636661743427985,12.916702161024007
1692192600,445.2,446.75,434.06,434.86,312.2166888032516,309.74103993076415,0,0,NaN,NaN,NaN,NaN,NaN,NaN,NaN,NaN,NaN,NaN,NaN,52745068,46374605.15,-0.48937318100206173,0.6387120063099776,-0.6387120063099776,8.703707270198036
1692279000,439.7,440.62,430.01,433.435,313.422841153468,310.94515893642824,0,0,NaN,NaN,NaN,NaN,NaN,NaN,NaN,NaN,NaN,NaN,NaN,45239482,45947256.7,-0.387608462434007,0.6221916646117301,-0.6221916646117301,3.8142395039881607
1692365400,426.35,435.7799,416.6,432.99,314.61256412706535,312.1859334743742,0,0,NaN,NaN,NaN,NaN,NaN,NaN,NaN,NaN,NaN,NaN,NaN,58376787,44047252.9,-0.2754958437197148,0.6024297513214341,-0.6024297513214341,4.568980953700137
1692624600,444.94,470.65,442.22,469.67,316.1554241855025,313.47832219602225,0,0,NaN,NaN,NaN,NaN,NaN,NaN,NaN,NaN,NaN,NaN,NaN,69257337,45594621.05,0.44187208289005064,0.5728164395315759,-0.5728164395315759,7.464003988060314
1692711000,481.35,481.87,453.331,456.68,317.5536786712189,314.7922393881016,0,0,NaN,NaN,NaN,NaN,NaN,NaN,NaN,NaN,NaN,NaN,NaN,75720691,47640251.05,0.4174612680007807,0.523684189865574,-0.523684189865574,9.840643615747213
1692797400,458.66,472,452.08,471.16,319.082099778968,316.16532158324486,0,0,NaN,NaN,NaN,NaN,NaN,NaN,NaN,NaN,NaN,NaN,NaN,77904608,49714295.15,0.7630218018669107,0.49197211737335217,-0.49197211737335217,10.735115043490342